Company,Industry,Type,Paid_Maternity_Leave,Unpaid_Maternity_Leave,Paid_Paternity_Leave,Unpaid_Paternity_Leave
Quartz,Media, Diversified,2.0,,,
Lionsgate,Media, Entertainment,2.0,,,
Dow Jones,Media, News,2.0,12.0,,
Gannett,Media, News,2.0,12.0,,
The New York Times Company,Media, News,2.0,2.0,,
CondŽ Nast,Media, Diversified,4.0,,,
ViacomCBS,Media, Diversified,4.0,6.0,,
WGBH,Media, Diversified,4.0,12.0,,
Spins,Media, Magazines,6.0,,,
Sinclair Broadcast Group,Media, Television,6.0,,,
WarnerMedia,Media, Diversified,9.0,2.0,6.0,
TEGNA,Media, Television,12.0,12.0,2.0,12
BrightTALK,Media,Media,12.0,12.0,,
Meredith,Media, Diversified,12.0,12.0,,
Thomson Reuters,Media, Diversified,12.0,1.0,,
Townsquare Media,Media, Diversified,12.0,,,
Madison Square Garden,Media, Entertainment,12.0,,,
Showtime,Media, Entertainment,12.0,3.0,,
The Atlantic,Media, Magazines,12.0,4.0,,
Business Insider,Media, News,12.0,,,
Forbes,Media, News,12.0,,,
Public Broadcasting Service,Media, Television,12.0,,,
NBCUniversal,Media, Diversified,16.0,4.0,,
New York Times,Media, News,16.0,16.0,,
Washington Post,Media, News,18.0,,,
Sky PLC,Media, Diversified,26.0,,6.0,
Viacom Inc.,Media, Diversified,1.0,2.5,,
Cinemark,Media, Entertainment,1.0,12.0,,
1up,Design,Design,4.0,12.0,,
Kettle,Design,Design,12.0,12.0,,
Reaktor,Design,Design,16.0,8.0,,
Luxottica Group SpA,Retail," Shoes, Accessories and Apparel",8.5,6.0,2.0,
Macy's,Retail, Department Store,11.5,6.0,,
Sprouts Farmers Market,Retail, Discount Store,3.5,5.5,,
Sleep Number,Retail, Furniture & Home Improvement,4.5,3.0,,
Tesco PLC,Retail, General Merchandise,27.0,18.0,,
J.Crew,Retail," Shoes, Accessories and Apparel",4.5,4.0,,
Uniqlo,Retail," Shoes, Accessories and Apparel",,,,
Trader JoeÕs,Retail, Convenience Store,,,,
Food Lion,Retail, Supermarket Company,,,,
Publix Super Markets,Retail, Supermarket Company,2.0,6.5,,
Crutchfield,Retail, Electronics,2.0,2.0,,
Floor & Decor,Retail, Furniture & Home Improvement,2.0,6.0,,
Petco,Retail, General Merchandise,2.0,52.0,,
New Balance,Retail," Shoes, Accessories and Apparel",2.0,4.0,,
Custom Ink,Retail, Online,3.0,8.0,,
Accent Decor,Retail, Other,3.0,12.0,,
Columbia Sportswear,Retail," Shoes, Accessories and Apparel",4.0,8.0,6.0,
Overstock.com,Retail, Online,4.0,,4.0,
American Eagle Outfitters,Retail," Shoes, Accessories and Apparel",4.0,,,
Meijer,Retail, Supermarket Company,5.0,3.0,4.0,
Kohl's,Retail, Department Store,6.0,9.0,4.0,
Home Depot,Retail, Furniture & Home Improvement,6.0,6.0,6.0,
Target,Retail," Shoes, Accessories and Apparel",6.0,6.0,4.0,
Aldi USA,Retail, Discount Store,6.0,4.0,,
Ross Stores,Retail, Discount Store,6.0,6.0,,
Central Garden & Pet,Retail, Furniture & Home Improvement,6.0,6.0,,
Drizly,Retail, Liquor,6.0,6.0,,
Academy Sports + Outdoors,Retail, Other,6.0,1.0,,
ANN Inc.,Retail," Shoes, Accessories and Apparel",6.0,6.0,,
Esprit,Retail," Shoes, Accessories and Apparel",6.0,16.0,,
Evisons,Retail," Shoes, Accessories and Apparel",6.0,,,
Fossil,Retail," Shoes, Accessories and Apparel",6.0,9.0,,
Haggar,Retail," Shoes, Accessories and Apparel",6.0,24.0,,
Hollister,Retail," Shoes, Accessories and Apparel",6.0,12.0,,
"Jockey International, Inc.",Retail," Shoes, Accessories and Apparel",6.0,6.0,,
PVH Corp.,Retail," Shoes, Accessories and Apparel",6.0,4.0,,
Office Depot,Retail, Stationary & Office Supplies,6.0,8.0,,
Ahold Delhaize,Retail, Supermarket Company,6.0,6.0,,
Tractor Supply Company,Retail, General Merchandise,6.0,,,
Steve Madden,Retail," Shoes, Accessories and Apparel",6.0,,,
Guitar Center,Retail, Other,7.0,2.0,,
Love's,Retail, Convenience Store,8.0,6.0,,
Hallmark Cards,Retail," Crafts, Fabrics & Party Supplies",8.0,2.0,,
Michaels,Retail," Crafts, Fabrics & Party Supplies",8.0,,,
Belk,Retail, Department Store,8.0,4.0,,
Costco,Retail, Discount Store,8.0,2.0,,
Dollar General,Retail, Discount Store,8.0,,,
Kroger,Retail, General Merchandise,8.0,4.0,,
Petsmart,Retail, General Merchandise,8.0,4.0,,
Calvin Klein,Retail," Shoes, Accessories and Apparel",8.0,4.0,,
Lands' End,Retail," Shoes, Accessories and Apparel",8.0,4.0,,
"Reebok International, Ltd.",Retail," Shoes, Accessories and Apparel",8.0,8.0,,
Hy-Vee,Retail, Supermarket Company,8.0,4.0,,
Signet Jewelers,Retail, Jewelery,9.0,3.0,,
Marshall Retail Group,Retail, Other,9.0,,,
DICK'S Sporting Goods,Retail," Shoes, Accessories and Apparel",9.0,4.0,,
Family Dollar,Retail, Supermarket Company,9.0,,,
LoweÕs Home Improvement,Retail, General Merchandise,11.0,,,
DSW,Retail," Shoes, Accessories and Apparel",11.0,,,
Wayfair,Retail, Furniture & Home Improvement,12.0,2.0,4.0,
Bloomingdale's,Retail, Department Store,12.0,,,
Myer,Retail, Department Store,12.0,52.0,,
Nordstrom,Retail, Department Store,12.0,3.0,,
Best Buy,Retail, Electronics,12.0,,,
Zola,Retail, Online,12.0,4.0,,
Levi Strauss & Co.,Retail," Shoes, Accessories and Apparel",12.0,21.0,,
Trunk Club,Retail," Shoes, Accessories and Apparel",12.0,,,
Meredith Digital,Retail, Stationary & Office Supplies,12.0,,,
"L Brands, Inc.",Retail," Shoes, Accessories and Apparel",14.0,,6.0,6
Athleta,Retail," Shoes, Accessories and Apparel",15.0,,,
Lowes Foods,Retail, Supermarket Company,15.0,15.0,,
REI,Retail," Shoes, Accessories and Apparel",16.0,6.0,,
Telstra,Retail, Electronics,18.0,52.0,,
Lululemon Athletica,Retail," Shoes, Accessories and Apparel",24.0,,,
Williams Sonoma,Retail, Furniture & Home Improvement,26.0,8.0,,
BJs Wholesale Club,Retail, Discount Store,1.0,2.0,,
Uncommon Goods,Retail, Other,1.0,2.0,,
Harrods,Retail, Department Store,1.0,,,
LVMH,Retail," Shoes, Accessories and Apparel",1.0,,,
National Football League,Sports,Sports,16.0,,,
Round Rock Express,Sports,Sports,1.0,,,
RBC Wealth Management,Finance, Diversified,11.5,1.0,4.0,
TIAA Bank,Finance, Personal & Commercial Banking,28.0,,16.0,
Trinity Lifetime,Finance, Asset Management,39.0,13.0,,
HSBC,Finance, Diversified,19.0,,,
JPMorgan Chase,Finance, Diversified,12.5,,,
Marsh McLennan,Finance, Diversified,8.5,8.5,,
Better Mortgage,Finance, Loans,16.5,13.0,,
Union Bank,Finance, Personal & Commercial Banking,21.0,8.0,,
American Endowment Foundation,Finance, Asset Management,,12.0,,
Goldman Sachs,Finance, Diversified,2.0,3.0,2.0,
American Express,Finance, Credit & Fund Services,2.0,,,
CAPTRUST,Finance, Diversified,2.0,14.0,,
Credit Suisse,Finance, Diversified,2.0,2.0,,
Standard Chartered,Finance, Diversified,2.0,,2.0,
CIT,Finance, Personal & Commercial Banking,2.0,8.0,,
Vanquis Bank,Finance, Personal & Commercial Banking,2.0,26.0,,
Golub Capital,Finance, Asset Management,3.0,,,
SoFi,Finance, Loans,4.0,5.0,2.0,
Achieve,Finance, Diversified,4.0,8.0,,
First Citizens Bank,Finance, Diversified,4.0,6.0,,
Huntington Bank,Finance, Personal & Commercial Banking,4.0,8.0,,
American Century Investments,Finance, Asset Management,6.0,,,
Coller Capital Ltd.,Finance, Asset Management,6.0,12.0,,
North Star Resource Group,Finance, Asset Management,6.0,6.0,,
BB&T Corporation,Finance, Diversified,6.0,2.0,,
Quicken Loans Inc.,Finance, Loans,6.0,1.5,,
Santander US,Finance, Personal & Commercial Banking,6.0,6.0,,
Computershare,Finance, Diversified,7.0,3.5,,
Charles Schwab,Finance, Diversified,8.0,6.0,6.0,
"Cantella & Co., Inc.",Finance, Asset Management,8.0,,,
Fisher Investments,Finance, Asset Management,8.0,8.0,,
State Street Corporation,Finance, Diversified,8.0,2.0,,
OneMain Financial,Finance, Loans,8.0,,,
Veterans United Home Loans,Finance, Loans,8.0,,,
Fifth Third Bank,Finance, Personal & Commercial Banking,9.0,6.0,,
Merrill,Finance, Asset Management,11.0,6.0,16.0,
Bridgewater Associates,Finance, Asset Management,11.0,29.0,,
PIMCO,Finance, Asset Management,12.0,12.0,3.0,12
Capital Group,Finance, Asset Management,12.0,,18.0,
Ally Financial,Finance, Diversified,12.0,,12.0,
Ameriprise Financial,Finance, Diversified,12.0,4.0,2.0,
Silicon Valley Bank,Finance, Diversified,12.0,,12.0,
PNC Financial Services Group,Finance, Personal & Commercial Banking,12.0,,6.0,
Progressive Leasing,Finance,Finance,12.0,,,
Acorns,Finance, Asset Management,12.0,2.0,,
AllianceBernstein LP,Finance, Asset Management,12.0,,,
Citadel,Finance, Asset Management,12.0,,,
Invesco,Finance, Asset Management,12.0,3.0,,
American Honda Finance Corp,Finance, Credit & Fund Services,12.0,5.0,,
Andrew Davidson & Co,Finance, Diversified,12.0,,,
BBVA,Finance, Diversified,12.0,,,
CME Group,Finance, Diversified,12.0,,4.0,
Digistream Investigations,Finance, Diversified,12.0,12.0,,
Geller & Company,Finance, Diversified,12.0,,,
JMP Group LLC,Finance, Diversified,12.0,,,
Kasasa by BancVue,Finance, Diversified,12.0,,,
Securian Financial Group Inc.,Finance, Diversified,12.0,,,
USAA,Finance, Diversified,12.0,2.0,,
Northwestern Mutual Ð Corporate Careers,Finance, Life,12.0,1.0,,
ANZ,Finance, Personal & Commercial Banking,12.0,52.0,,
BMO Harris Bank,Finance, Personal & Commercial Banking,12.0,12.0,,
Citizens Bank,Finance, Personal & Commercial Banking,12.0,,,
Commonwealth Bank of Australia,Finance, Personal & Commercial Banking,12.0,52.0,,
Federal Home Loan Bank Of New York,Finance, Personal & Commercial Banking,12.0,,,
First Republic Bank,Finance, Personal & Commercial Banking,12.0,,,
KeyBank,Finance, Personal & Commercial Banking,12.0,6.0,,
M&T Bank Corporation,Finance, Personal & Commercial Banking,12.0,12.0,,
SociŽtŽ GŽnŽrale,Finance, Personal & Commercial Banking,12.0,,,
Stanbic IBTC Bank,Finance, Personal & Commercial Banking,12.0,4.0,,
"Adams Street Partners, LLC",Finance, Venture Capital,12.0,2.0,,
U.S. Bank,Finance, Personal & Commercial Banking,13.0,,,
Scotiabank,Finance, Diversified,14.0,3.0,,
Fidelity Investments,Finance, Diversified,15.0,4.0,,
MFS Investment Management,Finance, Asset Management,16.0,2.0,12.0,
Apollo Global Management,Finance, Asset Management,16.0,,2.0,
Discover Financial Services,Finance, Credit & Fund Services,16.0,,2.0,
Mastercard,Finance, Credit & Fund Services,16.0,,16.0,
Citigroup,Finance, Diversified,16.0,4.0,4.5,
Deutsche Bank,Finance, Diversified,16.0,5.0,16.0,
DTCC,Finance, Diversified,16.0,4.0,16.0,
Macquarie Group,Finance, Diversified,16.0,,6.0,
Raymond James,Finance, Diversified,16.0,,4.0,
Wells Fargo,Finance, Diversified,16.0,5.0,4.0,
TD Bank,Finance, Personal & Commercial Banking,16.0,13.0,16.0,
Barclays,Finance,Finance,16.0,8.0,,
BNY Mellon,Finance, Asset Management,16.0,8.0,,
DWS,Finance, Asset Management,16.0,52.0,,
The StepStone Group LP,Finance, Asset Management,16.0,4.0,,
TIAA,Finance, Asset Management,16.0,,,
TPG Capital,Finance, Asset Management,16.0,,,
Navy Federal Credit Union,Finance, Credit Unions,16.0,,,
Bank of America,Finance, Diversified,16.0,4.0,,
BNP Paribas,Finance, Diversified,16.0,,,
Edward Jones,Finance, Diversified,16.0,3.0,,
Morgan Stanley,Finance, Diversified,16.0,,,
Nomura,Finance, Diversified,16.0,,2.0,
Stifel Nicolaus & Co.,Finance, Diversified,16.0,,8.0,
Bank of the West,Finance, Personal & Commercial Banking,16.0,12.0,,
SunTrust Banks,Finance, Personal & Commercial Banking,16.0,4.0,,
Bain Capital,Finance, Asset Management,16.0,,,
KKR & Co. LP,Finance, Asset Management,16.0,,,
William Blair,Finance, Diversified,18.0,,2.0,
Gemini Trust Company,Finance, Asset Management,18.0,,,
Capital One,Finance, Diversified,18.0,,,
"Guggenheim Partners, LLC",Finance, Venture Capital,18.0,,18.0,
UBS,Finance, Diversified,24.0,24.0,2.0,
ASB Bank,Finance, Diversified,26.0,26.0,,
Nationwide Building Society,Finance, Diversified,26.0,,,
Northern Trust,Finance, Diversified,1.0,6.0,1.0,
Vanguard Group,Finance, Asset Management,1.0,,,
Lincoln Financial Group,Finance, Diversified,1.0,12.0,,
Wintrust Financial Corporation,Finance, Personal & Commercial Banking,1.0,2.0,,
"Orrick, Herrington & Sutcliffe LLP",Law Firm,Law Firm,23.0,2.0,16.0,
Mayer Brown,Law Firm,Law Firm,,,,
Hogan Lovells,Law Firm,Law Firm,2.0,6.0,,
Davis & Santos,Law Firm,Law Firm,3.0,2.0,,
Holland & Knight LLP,Law Firm,Law Firm,4.0,8.0,6.0,
Burr & Forman LLP,Law Firm,Law Firm,4.0,4.0,,
Crowell & Moring,Law Firm,Law Firm,4.0,,,
"Correia & Puth, PLLC",Law Firm,Law Firm,6.0,1.0,,
Fragomen,Law Firm,Law Firm,6.0,6.0,,
Hudson Cook,Law Firm,Law Firm,6.0,,,
McLane Middleton PA,Law Firm,Law Firm,6.0,6.0,,
Entwistle & Cappucci LLC,Law Firm,Law Firm,8.0,1.0,,
Desmarais LLP,Law Firm,Law Firm,12.0,,,
Fox Rothschild LLP,Law Firm,Law Firm,12.0,,,
Latham & Watkins LLP,Law Firm,Law Firm,12.0,,,
Littler Mendelson P.C.,Law Firm,Law Firm,12.0,,,
"Manatt, Phelps & Phillips, LLP",Law Firm,Law Firm,12.0,29.0,,
Schlam Stone & Dolan,Law Firm,Law Firm,12.0,4.0,,
Cleary Gottlieb Steen & Hamilton LLP,Law Firm,Law Firm,16.0,26.0,,
Covington & Burling LLP,Law Firm,Law Firm,16.0,,,
Lathrop GPM LLP,Law Firm,Law Firm,16.0,,,
Simpson Thacher & Bartlett LLP,Law Firm,Law Firm,16.0,1.0,,
Mintz Levin Cohn Ferris Glovsky and Popeo PC,Law Firm,Law Firm,17.0,,,
Kirkland & Ellis LLP,Law Firm,Law Firm,18.0,,,
Linklaters LLP,Law Firm,Law Firm,18.0,,,
Cooley LLP,Law Firm,Law Firm,24.0,12.0,,
Wynyard Wood,Law Firm,Law Firm,26.0,52.0,,
Veritas Law,Law Firm,Law Firm,52.0,,,
Hapag-Lloyd,Maritime,Maritime,14.0,,,
MOO,Printing,Printing,2.0,4.0,2.0,
Essay 4 Students,Services, Other,25.0,5.0,,
Industrious,Services, Other,,4.0,,
"Clean Harbors, Inc.",Services, Waste Management,,12.0,,
Bright Horizons,Services, Daycare,,,,
EasyWayPaper,Services, Other,3.0,5.0,,
Uno Assignment Help,Services, Other,4.0,6.0,,
CozyKin,Services, Daycare,6.0,6.0,,
Waste Connections,Services, Waste Management,6.0,12.0,,
TransPerfect,Services, Translation,8.0,4.0,,
"Republic Services, Inc.",Services, Waste Management,8.0,,,
WIN Waste Innovations,Services, Waste Management,12.0,12.0,,
Terminix,Services, Other,13.0,6.5,,
International SOS,Services, Other,16.0,,,
Sunrun,Services, Other,1.0,,,
Talent Inc.,Services, Other,1.0,,,
Zara,Textiles,Textiles,6.0,4.0,,
Collins Aerospace,Aerospace,Aerospace,4.0,12.0,4.0,
Lockheed Martin Corporation,Aerospace,Aerospace,6.0,1.0,4.0,
Cessna Aircraft Company,Aerospace,Aerospace,8.0,1.0,12.0,
SpaceX,Aerospace,Aerospace,8.0,1.0,,
Boeing,Aerospace,Aerospace,12.0,9.0,12.0,
Collins Aerospace,Aerospace,Aerospace,12.0,,4.0,
Acubed,Aerospace,Aerospace,12.0,1.0,,
Pratt & Whitney,Aerospace,Aerospace,12.0,12.0,,
Honeywell Aerospace,Aerospace,Aerospace,16.0,,,
L'OrŽal USA,Cosmetics,Cosmetics,12.0,,8.0,
Aesop,Cosmetics,Cosmetics,12.0,,6.0,
Benefit Cosmetics LLC,Cosmetics,Cosmetics,12.0,4.0,,
Curology,Cosmetics,Cosmetics,12.0,12.0,,
Edge Systems LLC,Cosmetics,Cosmetics,12.0,,,
Mac Cosmetics,Cosmetics,Cosmetics,12.0,8.0,,
Revlon,Cosmetics,Cosmetics,12.0,12.0,,
Estee Lauder Companies,Cosmetics,Cosmetics,24.0,,,
Progressive Corporation,Insurance, Property & Casualty,7.5,16.0,,
The Hartford,Insurance, Property & Casualty,4.5,6.0,,
Anthem,Insurance, Health,,6.0,,
Marsh & McLennan Agency,Insurance,Insurance,2.0,1.0,,
USI Insurance Services,Insurance, Brokerage,2.0,1.0,,
MJ Insurance,Insurance, Diversified,2.0,1.0,,
IAT Insurance Group,Insurance, Property & Casualty,2.0,12.0,,
Selective Insurance,Insurance, Property & Casualty,2.0,12.0,,
Travelers,Insurance, Property & Casualty,2.0,8.0,,
Kaiser Permanente,Insurance, Health,3.0,3.0,,
Centene Corporation,Insurance, Health,3.0,7.5,,
UnitedHealth Group,Insurance, Health,4.0,8.0,5.0,4
Willis Towers Watson,Insurance, Brokerage,4.0,12.5,,
AmeriTrust Group,Insurance, Diversified,4.0,8.0,,
UnitedHealthcare,Insurance, Health,4.0,4.0,,
"Assurant, Inc.",Insurance, Property & Casualty,4.0,2.0,,
FM Global,Insurance, Property & Casualty,4.0,2.0,,
MetLife,Insurance, Life,5.0,,,
Health Care Service Corporation,Insurance, Health,6.0,3.0,,6
Highmark Inc.,Insurance, Health,6.0,4.0,,4
Humana,Insurance, Health,6.0,6.0,6.0,
Hub International,Insurance, Brokerage,6.0,4.0,,
First American,Insurance, Diversified,6.0,12.0,,
Trustmark Companies,Insurance, Diversified,6.0,6.0,,
Blue Cross and Blue Shield of Texas,Insurance, Health,6.0,,,
Blue Cross Blue Shield of Alabama,Insurance, Health,6.0,6.0,,
CareFirst,Insurance, Health,6.0,5.0,,
CIGNA Corporation,Insurance, Health,6.0,4.0,,
Clover Health,Insurance, Health,6.0,8.0,,
Delta Dental Ins,Insurance, Health,6.0,8.0,,
GoHealth,Insurance, Health,6.0,6.0,,
WellCare Health Plans,Insurance, Health,6.0,6.0,,
Unum,Insurance, Life,6.0,23.0,,
Allstate Insurance Company,Insurance, Property & Casualty,6.0,,,
Elevance Health,Insurance, Health,6.0,,,
GuardianLife,Insurance, Life,7.0,7.0,,
AON,Insurance, Diversified,8.0,8.0,6.0,
The Hanover Insurance Group,Insurance, Property & Casualty,8.0,4.0,2.0,
CUNA Mutual Group,Insurance, Diversified,8.0,,12.0,
MassMutual,Insurance, Diversified,8.0,12.0,,
Guy Carpenter,Insurance, Reinsurance,8.0,12.0,,
"Matrix Absence Management, Inc.",Insurance, Diversified,8.0,,,
State Farm,Insurance, Property & Casualty,9.0,,6.0,
Aetna,Insurance, Health,12.0,12.0,4.0,
Root Insurance,Insurance, Property & Casualty,12.0,,12.0,
Hiscox,Insurance, Diversified,12.0,,,
IAG Limited,Insurance, Diversified,12.0,4.0,,
Lockton Companies Inc.,Insurance, Diversified,12.0,,,
The McGowan Companies Inc.,Insurance, Diversified,12.0,12.0,,
Cambia Health Solutions,Insurance, Health,12.0,,,
CareSource,Insurance, Health,12.0,,,
Independence Blue Cross,Insurance, Health,12.0,7.0,,
Premera Blue Cross,Insurance, Health,12.0,,,
UCare,Insurance, Health,12.0,5.0,,
"Genworth Financial, Inc.",Insurance, Life,12.0,,,
New York Life Insurance Company,Insurance, Life,12.0,12.0,,
American Family Insurance,Insurance, Property & Casualty,12.0,2.0,,
Farmers Insurance,Insurance, Property & Casualty,12.0,16.0,,
Sana Benefits,Insurance, Diversified,13.0,13.0,,
National Benefit Life Insurance,Insurance, Life,13.0,15.0,,
Combined Insurance,Insurance, Life,15.0,3.0,,
Aspen Insurance Holdings Limited,Insurance, Diversified,16.0,,,
Sun Life Financial,Insurance, Diversified,16.0,,,
Oscar Health,Insurance, Health,16.0,,,
Liberty Mutual Insurance,Insurance, Property & Casualty,16.0,,,
American Income Life,Insurance, Life,52.0,,,
Intact Financial Corporation,Insurance, Property & Casualty,52.0,,,
Prudential Financial,Insurance, Life,1.0,16.0,,
GEICO,Insurance, Property & Casualty,1.0,,,
Auto-Owners Insurance,Insurance, Property & Casualty,1.0,,,
RAND Corporation,Nonprofit, Public Policy,5.5,,3.0,
Roman Catholic Archdiocese of Philadelphia,Nonprofit, Religious,,12.0,,12
Project Renewal,Nonprofit, Civic & Social,,,,
The Task Force For Global Health,Nonprofit, Healthcare,,12.0,,
SPEEA,Nonprofit, Trade Organization,,,,
uAspire,Nonprofit, Civic & Social,2.0,2.0,,
The Leukemia & Lymphoma Society,Nonprofit, Research,3.0,9.0,,
Harvard Pilgrim Health Care,Nonprofit, Healthcare,4.0,,,
Sanford Health,Nonprofit, Healthcare,4.0,4.0,,
Camden Coalition of Healthcare Providers,Nonprofit, Medical,4.0,12.0,,
Save the Children,Nonprofit, Charity,5.0,,,
Make-A-Wish Foundation,Nonprofit, Charity,6.0,12.0,,
Girl Scouts of the USA,Nonprofit, Human Rights Advocacy,6.0,,6.0,
The Pew Charitable Trusts,Nonprofit, Charity,6.0,6.0,,
AARP,Nonprofit, Civic & Social,6.0,6.0,,
The Nature Conservancy,Nonprofit, Environmental Organization,6.0,6.0,,
Planned Parenthood,Nonprofit, Healthcare,6.0,6.0,,
SWOG,Nonprofit, Healthcare,6.0,6.0,,
Legal Aid of North Carolina,Nonprofit, Legal Services,6.0,6.0,,
Battelle Memorial Institute,Nonprofit, Research,6.0,,,
RTI International,Nonprofit, Research,6.0,6.0,,
The MITRE Corporation,Nonprofit, Research,7.0,,2.0,
Environmental Defense Fund,Nonprofit, Environmental Organization,8.0,16.0,,
American Red Cross,Nonprofit, Humanitarian Aid Organization,8.0,8.0,,
The Field Museum,Nonprofit, Museums,8.0,4.0,,
American Chemical Society,Nonprofit, Science & Technology,8.0,12.0,,
The Georgia Society of CPAs,Nonprofit, Trade Organization,8.0,4.0,,
Wikimedia Foundation,Nonprofit, Education,12.0,5.0,7.0,
Enterprise Community Partners,Nonprofit, Civic & Social,12.0,,,
Help USA,Nonprofit, Civic & Social,12.0,12.0,,
Achievement Network,Nonprofit, Education,12.0,4.0,,
Teach for America,Nonprofit, Education,12.0,,,
Wildwood Programs,Nonprofit, Education,12.0,,,
Financial Industry Regulatory Authority,Nonprofit, Finance,12.0,,,
Jewish Board of Family and Children's Services,Nonprofit, Healthcare,12.0,,,
International Justice Mission,Nonprofit, Legal,12.0,12.0,,
Legal Aid Society - Employment Law Center,Nonprofit, Legal,12.0,52.0,,
Center for Reproductive Rights,Nonprofit, Legal Services,12.0,4.0,,
Westbank Community Library,Nonprofit, Libraries,12.0,,,
The World Economic Forum,Nonprofit, Political Organization,12.0,6.0,,
Archdiocese of Chicago,Nonprofit, Religious,12.0,12.0,,
Charles Stark Draper Laboratory,Nonprofit, Research,12.0,,,
"Education Development Center, Inc.",Nonprofit, Research,12.0,,,
Silicon Valley Employers Forum,Nonprofit, Trade Organization,12.0,,,
National Partnership for Women & Families,Nonprofit, Civic & Social,15.0,,,
Natural Resources Defense Council,Nonprofit, Environmental Organization,15.0,9.0,,
Endeavor,Nonprofit, Development,16.0,,,
HopeLab,Nonprofit, Research,16.0,,,
Start Early,Nonprofit, Education,24.0,,24.0,
Convergence,Nonprofit, Civic & Social,26.0,26.0,,
Financial Ombudsman Service,Nonprofit, Finance,26.0,12.0,,
World Vision,Nonprofit, Charity,52.0,,,
Washburn Center For Children,Nonprofit, Civic & Social,52.0,2.0,,
"MOXI, The Wolf Museum of Exploration + Innovation",Nonprofit, Museums,1.0,12.0,,
AICPA,Nonprofit, Trade Organization,1.0,,,
American Canning,Packaging,Packaging,6.0,6.0,,
Avery Dennison,Packaging,Packaging,9.0,,,
ISO New England,Utilities,Utilities,2.0,8.0,,
Merrimac Industrial Sales,Wholesale,Wholesale,,,,
Sysco,Wholesale,Wholesale,6.0,6.0,,
US Foods,Wholesale,Wholesale,6.0,6.0,2.0,
C&S Wholesale Grocers,Wholesale,Wholesale,6.0,12.0,,
Martine's Wines,Wholesale,Wholesale,6.0,,,
Sonepar USA,Wholesale,Wholesale,6.0,12.0,,
Worldwide Produce,Wholesale,Wholesale,6.0,,,
Sonepar,Wholesale,Wholesale,8.0,12.0,,
HD Supply,Wholesale,Wholesale,14.0,,,
FCA US LLC,Automotive, Manufacturers,7.5,1.0,6.0,
"Donaldson Company, Inc.",Automotive, Parts Manufacturing,,12.0,,
Young Automotive Group,Automotive, Dealers,3.0,12.0,,
Continental,Automotive, Parts Manufacturing,4.0,4.0,,
Valvoline,Automotive, Products & Services,4.0,,,
Toyota North America,Automotive, Manufacturers,6.0,1.5,,
Johnson Controls,Automotive, Parts Manufacturing,6.0,6.0,,
Aptiv PLC,Automotive, Manufacturers,6.0,14.0,,
Bendix Commercial Vehicle Systems,Automotive, Parts Manufacturing,6.0,,,
Camping World,Automotive, Dealers,8.0,,,
Advance Auto Parts,Automotive, Parts,8.0,4.0,,
Bridgestone Corporation,Automotive, Parts Manufacturing,8.0,,,
Ford Motor Company,Automotive, Manufacturers,12.0,,8.0,
General Motors,Automotive, Manufacturers,12.0,12.0,12.0,
Michelin,Automotive, Parts Manufacturing,12.0,,,
Mercedes-Benz Research & Development North America,Automotive, Manufacturers,24.0,,,
Peraton,Government, Contractor,1.5,12.0,,
Naval Medical Center Portsmouth,Government, Federal,46.0,,,
Los Angeles County,Government, County,,12.0,,12
Corporation for National and Community Service,Government, Federal,,,,
U.S. Department of Education,Government, Federal,,12.0,,
Commonwealth of Massachusetts,Government, State,2.0,24.0,,
Los Alamos National Laboratory,Government, Federal,3.0,12.0,,
United Nations,Government, International,4.0,,,
Sandia National Laboratories,Government, Contractor,6.0,6.0,6.0,6
City of Virginia Beach,Government, City,6.0,,,
New York City Economic Development Corporation,Government, City,6.0,1.0,,
The City of Portland,Government, City,6.0,6.0,,
The City of San Antonio,Government, City,6.0,6.0,,
U.S. Social Security Administration,Government, Federal,6.0,12.0,,
United States Army,Government, Federal,6.0,,,
USAID,Government, Federal,6.0,,,
Federal Reserve Bank of New York,Government, Federal,8.0,8.0,,
NSA,Government, Federal,8.0,6.5,,
United States Department of State,Government, Federal,9.0,15.0,,
NavSea,Government, Federal,11.0,6.0,,
U.S. Department of Veterans Affairs,Government, Federal,11.0,11.0,,
Federal Reserve Bank of Chicago,Government, Federal,12.0,,6.0,
New York City,Government, City,12.0,4.0,,
"Multnomah County, Oregon",Government, County,12.0,,,
Federal Deposit Insurance Corporation,Government, Federal,12.0,12.0,,
Federal Public Defender,Government, Federal,12.0,,,
NASA Jet Propulsion Laboratory,Government, Federal,12.0,,,
The United States Air Force,Government, Federal,12.0,,,
United States Trade and Development Agency,Government, Federal,12.0,,,
DBPR,Government, State,12.0,,,
State of North Carolina,Government, State,12.0,,,
Marion County Sheriff's Office,Government, County,13.0,2.0,,
OECD,Government, International,14.0,,4.0,
World Health Organization,Government, International,24.0,52.0,,
Spokane County,Government, County,52.0,26.0,,
Denver Health Medical Center,Healthcare, Hospitals & Clinics,2.5,1.5,,12
Thermo Fisher Scientific,Healthcare, Biotechnology,11.5,1.0,3.0,
NYU Langone Health,Healthcare, Hospitals & Clinics,9.5,6.0,,
Aquilant,Healthcare, Medical Devices,39.0,13.0,,
Aurora Health Care,Healthcare, Hospitals & Clinics,,12.0,,
"Universal Health Services, Inc.",Healthcare, Hospitals & Clinics,,12.0,,
BAYADA,Healthcare, Family Care,,,,
Children's Wisconsin,Healthcare, Hospitals & Clinics,,12.0,,
Lovelace Health System,Healthcare, Hospitals & Clinics,,6.0,,
Montefiore Medical Center,Healthcare, Hospitals & Clinics,,,,
Moses Cone,Healthcare, Hospitals & Clinics,,,,
Northwell Health,Healthcare, Hospitals & Clinics,,12.0,,
Temple University Hospital,Healthcare, Hospitals & Clinics,,12.0,,
Texas Children's Hospital,Healthcare, Hospitals & Clinics,,,,
Nemours,Healthcare, Hospitals & Clinics,,,,
ProMedica,Healthcare, Hospitals & Clinics,,,,
University Hospitals,Healthcare, Hospitals & Clinics,,,,
"NxStage Medical, Inc.",Healthcare, Medical Devices,,,,
University of Pittsburgh Medical Center,Healthcare, Hospitals & Clinics,2.0,6.0,2.0,
Zoetis,Healthcare, Animal Health,2.0,,,
Children's Hospital of Pittsburgh of UPMC,Healthcare, Hospitals & Clinics,2.0,1.0,,
Trinity Health System,Healthcare, Hospitals & Clinics,2.0,,,
Flatiron Health,Healthcare, Telemedicine,3.0,15.0,3.0,
Southern Health Partners,Healthcare, Diversified,4.0,8.0,2.0,2
CVS Health,Healthcare, Diversified,4.0,4.0,4.0,
Fresenius,Healthcare, Diversified,4.0,12.0,,
Beacon Health Options,Healthcare, Behavioral,4.0,6.0,,
Promega Corporation,Healthcare, Biotechnology,4.0,,,
Landmark Health,Healthcare, Family Care,4.0,8.0,,
Mercy,Healthcare, Hospitals & Clinics,4.0,1.0,,
Olympus Corporation,Healthcare, Medical Devices,4.0,1.0,,
Cardinal Health,Healthcare, Services,4.0,9.0,,
Mayo Clinic,Healthcare, Hospitals & Clinics,5.0,6.5,,
Banfield Pet Hospital,Healthcare, Animal Health,6.0,12.0,4.0,
Illumina,Healthcare, Biotechnology,6.0,3.0,6.0,
Quest Diagnostics,Healthcare, Laboratory Testing,6.0,,,
"Becton, Dickinson and Company",Healthcare, Medical Devices,6.0,12.0,6.0,
Companion Animal Hospital Partners,Healthcare, Animal Health,6.0,6.0,,
Veterinary Emergency Group,Healthcare, Animal Health,6.0,6.0,,
Ambry Genetics,Healthcare, Biotechnology,6.0,,,
Nova Biomedical,Healthcare, Biotechnology,6.0,6.0,,
Saint Francis Medical Center,Healthcare, Diversified,6.0,,,
Christiana Care Health System,Healthcare, Hospitals & Clinics,6.0,6.0,,
Duke Health,Healthcare, Hospitals & Clinics,6.0,6.0,,
Houston Methodist Hospital,Healthcare, Hospitals & Clinics,6.0,6.0,,
Michigan Medicine,Healthcare, Hospitals & Clinics,6.0,,,
Molina Healthcare,Healthcare, Hospitals & Clinics,6.0,,,
Penn Medicine,Healthcare, Hospitals & Clinics,6.0,6.0,,
LabCorp,Healthcare, Laboratory Testing,6.0,12.0,,
Aeroflow Healthcare,Healthcare, Medical Devices,6.0,4.0,,
Intuitive,Healthcare, Medical Devices,6.0,6.0,,
MicroPort Orthopedics,Healthcare, Medical Devices,6.0,1.0,,
Be The Match,Healthcare, Services,6.0,6.0,,
Heartland Dental,Healthcare, Services,6.0,12.0,,
Lumeris,Healthcare, Services,6.0,,,
Zimmer Biomet,Healthcare, Medical Devices,8.0,4.0,6.0,
Call9,Healthcare, Diversified,8.0,4.0,,
Ascension Health,Healthcare, Hospitals & Clinics,8.0,,,
Bon Secours Mercy Health,Healthcare, Hospitals & Clinics,8.0,8.0,,
Johns Hopkins All Children's Hospital,Healthcare, Hospitals & Clinics,8.0,,,
Partners Healthcare,Healthcare, Hospitals & Clinics,8.0,4.0,,
Providence,Healthcare, Hospitals & Clinics,8.0,12.0,,
J&J MedTech,Healthcare, Products,8.0,,,
SmileDirectClub,Healthcare, Products,8.0,4.0,,
Optum,Healthcare, Services,8.0,3.0,,
Charles River Laboratories,Healthcare, Biotechnology,9.0,3.0,,
Terumo BCT,Healthcare, Medical Devices,9.0,18.0,,
Medtronic,Healthcare, Medical Devices,12.0,2.0,,
Biogen,Healthcare, Biotechnology,12.0,6.0,,
bioMerieux,Healthcare, Biotechnology,12.0,,,
Bolt Threads,Healthcare, Biotechnology,12.0,,,
Genentech,Healthcare, Biotechnology,12.0,,,
"Gilead Sciences, Inc.",Healthcare, Biotechnology,12.0,6.0,,
Idexx Laboratories,Healthcare, Biotechnology,12.0,8.0,,
NanoString Technologies,Healthcare, Biotechnology,12.0,,,
Inspire Wellness,Healthcare, Family Care,12.0,6.0,,
Southwest Idaho Treatment Center,Healthcare, Family Care,12.0,,,
Baptist Health System,Healthcare, Hospitals & Clinics,12.0,,,
Central Maine Medical Center,Healthcare, Hospitals & Clinics,12.0,,,
Cincinnati Children's Hospital Medical Center,Healthcare, Hospitals & Clinics,12.0,,,
Everett Clinic,Healthcare, Hospitals & Clinics,12.0,,,
MetroHealth Medical Center,Healthcare, Hospitals & Clinics,12.0,,,
New Century Health,Healthcare, Hospitals & Clinics,12.0,,,
New York State Psychiatric Institute,Healthcare, Hospitals & Clinics,12.0,,,
BD,Healthcare, Medical Devices,12.0,4.0,,
Boston Scientific,Healthcare, Medical Devices,12.0,,,
Hillrom,Healthcare, Medical Devices,12.0,4.0,,
Medela,Healthcare, Medical Devices,12.0,,,
Stryker Corporation,Healthcare, Medical Devices,12.0,2.0,,
GE Healthcare Systems,Healthcare, Services,12.0,4.0,,
McKesson Specialty Health,Healthcare, Services,12.0,4.0,,
Carbon Health,Healthcare, Hospitals & Clinics,12.0,,,
Bupa,Healthcare, Diversified,14.0,36.0,,
ResMed,Healthcare, Medical Devices,14.0,,,
SCIEX,Healthcare, Biotechnology,15.0,26.0,,
Novozymes,Healthcare, Biotechnology,17.0,,,
Cook Medical,Healthcare, Medical Devices,1.0,6.0,,
Integra LifeSciences,Healthcare, Medical Devices,1.0,12.0,,
Steelcase,Industrial, Appliances & Furniture,1.5,27.5,,
Daltile,Industrial, Building Materials Manufacturing,,12.0,,
American Bridge Company,Industrial, Construction Company,,,,
Stanley Black & Decker,Industrial, Appliances & Furniture,2.0,16.0,,
HDR,Industrial, Diversified,2.0,8.0,,
Quiddity Engineering,Industrial, Engineering,2.0,6.0,,
WSP Global,Industrial, Engineering,2.0,12.0,,
Perkins + Will,Industrial, Architecture & Design,4.0,,4.0,
Owens Corning,Industrial, Building Materials Manufacturing,4.0,4.0,,2
Parker Hannifin,Industrial, Diversified,4.0,8.0,,
BEUMER Group,Industrial, Equipment Manufacturing,4.0,,4.0,
Honeywell,Industrial, Diversified,4.0,12.0,,
GZA,Industrial, Engineering,4.0,,,
Xylem Inc.,Industrial, Engineering,4.0,,,
"Aleris International, Inc.",Industrial, Materials,4.0,,,
Avantor,Industrial, Materials,4.0,,,
Caterpillar,Industrial, Equipment Manufacturing,5.0,6.0,4.0,
Grimshaw Architects,Industrial, Architecture & Design,5.0,1.0,,
Bhel,Industrial, Equipment Manufacturing,5.0,,,
Kohler Co.,Industrial, Equipment Manufacturing,6.0,6.0,2.0,12
CNH Industrial America,Industrial, Equipment Manufacturing,6.0,6.0,4.0,
nVent,Industrial, Equipment Manufacturing,6.0,,6.0,
Rockwell Automation,Industrial, Equipment Manufacturing,6.0,9.0,6.0,
Deborah Berke Partners,Industrial, Architecture & Design,6.0,4.0,,
HOK,Industrial, Architecture & Design,6.0,,2.0,
MG2,Industrial, Architecture & Design,6.0,6.0,,
Construction Specialties,Industrial, Building Materials Manufacturing,6.0,12.0,,
GAF,Industrial, Building Materials Manufacturing,6.0,12.0,,
Lehigh Hanson,Industrial, Building Materials Manufacturing,6.0,6.0,,
Wilsonart,Industrial, Building Materials Manufacturing,6.0,12.0,,
Stantec,Industrial, Engineering,6.0,12.0,,
AGCO Corporation,Industrial, Equipment Manufacturing,6.0,6.0,,
Association of Equipment Manufacturers,Industrial, Equipment Manufacturing,6.0,6.0,,
"Atlantic Diving Supply, Inc.",Industrial, Equipment Manufacturing,6.0,6.0,,
HP Manufacturing,Industrial, Materials,6.0,6.0,,
Hunter Douglas,Industrial, Other,6.0,6.0,,
United Rentals,Industrial, Other,6.0,7.5,,
ITW,Industrial, Equipment Manufacturing,7.0,,,
Sherwin-Williams,Industrial, Building Materials Manufacturing,8.0,4.0,,
Danaher,Industrial, Diversified,8.0,6.0,,
Faith Technologies,Industrial, Diversified,8.0,4.0,,
KONE Corporation,Industrial, Equipment Manufacturing,9.0,,,
Grainger Industrial Supply,Industrial, Other,9.0,6.0,,
Power Home Remodeling,Industrial, Construction Company,12.0,,3.0,
Cummins,Industrial, Equipment Manufacturing,12.0,1.0,6.0,
Hilti Corporation,Industrial, Equipment Manufacturing,12.0,2.0,4.0,
Ergotron,Industrial, Appliances & Furniture,12.0,6.0,,
Whirlpool Corporation,Industrial, Appliances & Furniture,12.0,4.0,,
Hickok Cole Architects,Industrial, Architecture & Design,12.0,8.0,,
CertainTeed,Industrial, Building Materials Manufacturing,12.0,12.0,,
Graham Construction & Engineering Inc,Industrial, Construction Company,12.0,52.0,,
"CIRCOR International, Inc.",Industrial, Diversified,12.0,12.0,,
Eaton,Industrial, Diversified,12.0,,,
Jason Industrial,Industrial, Diversified,12.0,,,
Babcock International Group,Industrial, Engineering,12.0,,,
Emerson Process Management,Industrial, Engineering,12.0,,,
Subsea 7,Industrial, Engineering,12.0,,,
Emerson Climate Technologies,Industrial, Equipment Manufacturing,12.0,,2.0,
Genie Industries,Industrial, Equipment Manufacturing,12.0,12.0,,
Zoox,Industrial, Equipment Manufacturing,12.0,,,
Orica,Industrial, Materials,12.0,,,
W.L. Gore,Industrial, Materials,12.0,12.0,,
Pella Windows and Doors,Industrial, Building Materials Manufacturing,12.0,,,
Black & Veatch,Industrial, Construction Company,12.0,,,
McMaster-Carr,Industrial, Other,16.0,4.0,4.0,
Equinor,Industrial, Engineering,16.0,2.0,,
3M,Industrial, Diversified,1.0,1.0,,1
Jacobs,Industrial, Diversified,1.0,8.0,,
Pfaudler inc,Industrial, Engineering,1.0,,,
Terex,Industrial, Equipment Manufacturing,1.0,2.0,,
Weir ESCO,Industrial, Equipment Manufacturing,1.0,12.0,,
Elsevier,Publishing,Publishing,39.0,0.5,1.0,
Mcgraw Hill,Publishing,Publishing,1.5,12.0,,
Wiley Publishing,Publishing,Publishing,6.0,6.0,4.0,
American City Business Journals,Publishing,Publishing,12.0,,,
Curriculum Associates,Publishing,Publishing,12.0,,,
Macmillan Learning,Publishing,Publishing,14.0,,,
Axel Springer,Publishing,Publishing,16.0,52.0,,
Penguin Random House,Publishing,Publishing,1.0,,,
Addepar,Technology, Software,19.0,,1.0,
Airbnb,Technology, Consumer Internet,21.0,2.0,,
Booking.com,Technology, Consumer Internet,22.0,1.5,,
Meta,Technology, Consumer Internet,22.0,,,
OLX Group,Technology, Consumer Internet,19.5,26.0,,
Atlassian,Technology, Software,25.0,,,
"Aware, Inc",Technology, Software,15.5,,,
Collibra,Technology, Software,21.0,6.5,,
FreshBooks,Technology, Software,32.0,,,
Thryv,Technology, Software,,3.0,,
Red Hat,Technology, Software,,,,
SHI International Corp.,Technology, B2B Tech Services,,,,
Glassdoor,Technology, Consumer Internet,2.0,,12.0,
LinkedIn,Technology, Consumer Internet,2.0,4.0,12.0,
Personal Capital,Technology, Financial Services,2.0,,6.0,
Garmin,Technology, Manufacturing,2.0,12.0,,
Epic Systems,Technology, Software,2.0,11.0,2.0,
GitHub,Technology, Software,2.0,4.0,2.0,
ServiceNow,Technology, Software,2.0,,12.0,
Slack Technologies,Technology, Software,2.0,,12.0,
"DMI, Inc.",Technology, B2B Tech Services,2.0,6.0,,
Squarespace,Technology, Consumer Internet,2.0,,,
Twitter,Technology, Consumer Internet,2.0,2.5,,
GlobalFoundries,Technology, Manufacturing,2.0,,,
ePublishing,Technology, Software,2.0,2.0,,
Mad Mobile,Technology, Software,2.0,1.0,,
"MongoDB, Inc.",Technology, Software,2.0,,,
NextGen Healthcare,Technology, Software,2.0,12.0,,
PandaDoc,Technology, Software,2.0,4.0,,
panOpen,Technology, Software,2.0,,,
Praxent,Technology, Software,2.0,2.0,,
Privitar Ltd,Technology, Software,2.0,13.0,,
Druva,Technology, Software,2.0,,,
"Calabrio, Inc.",Technology, Software,3.0,3.0,,
CACI International,Technology, B2B Tech Services,3.0,9.0,,
Coupa,Technology, Software,3.0,9.0,,
Instructure,Technology, Software,3.0,9.0,,
Palantir,Technology, Software,3.0,38.0,,
Signzy Technology Private Limited,Technology, Software,3.0,3.0,,
"ExamSoft Worldwide, Inc.",Technology, Software,4.0,12.0,2.0,12
"Sulzer US, LLC",Technology, Software,4.0,12.0,2.0,12
Cognizant,Technology, B2B Tech Services,4.0,2.0,,
Cubic Corporation,Technology, B2B Tech Services,4.0,,,
Leidos,Technology, B2B Tech Services,4.0,5.0,,
MPAY,Technology, B2B Tech Services,4.0,,,
Quantcast,Technology, B2B Tech Services,4.0,8.0,,
Sirius Computer Solutions,Technology, B2B Tech Services,4.0,8.0,,
Ibotta,Technology, Consumer Internet,4.0,,,
ON Semiconductor,Technology, Consumer Internet,4.0,2.0,,
Travelzoo,Technology, Consumer Internet,4.0,,,
Zillow,Technology, Consumer Internet,4.0,2.0,,
Anant Corporation,Technology, Software,4.0,2.0,,
Juice Analytics,Technology, Software,4.0,,,
Mode Mobile,Technology, Software,4.0,8.0,,
SurveyGizmo,Technology, Software,4.0,,,
Iron Mountain,Technology, B2B Tech Services,5.0,9.0,,
ADT Security Services,Technology, Security,5.0,5.0,,
Donnelley Financial Solutions,Technology, Software,5.0,8.0,,
CDW Corporation,Technology, B2B Tech Services,6.0,4.0,2.0,
FIS Global,Technology, Financial Services,6.0,,6.0,
Optoro,Technology, B2B Tech Services,6.0,5.0,,
Recurly,Technology, B2B Tech Services,6.0,,,
Volt Information Sciences,Technology, B2B Tech Services,6.0,6.0,,
CarMax,Technology, Consumer Internet,6.0,9.0,,
Markforged,Technology, Manufacturing,6.0,12.0,,
National Instruments,Technology, Manufacturing,6.0,12.0,,
Siemens Energy,Technology, Manufacturing,6.0,4.0,,
Agilysys,Technology, Software,6.0,,,
Ansys,Technology, Software,6.0,6.0,,
"Bentley Systems, Inc.",Technology, Software,6.0,6.0,,
CallRail,Technology, Software,6.0,12.0,,
ClearPoint Strategy,Technology, Software,6.0,,,
Collective Health,Technology, Software,6.0,6.0,,
Community Brands,Technology, Software,6.0,12.0,,
Conviva,Technology, Software,6.0,6.0,,
Esri,Technology, Software,6.0,,,
Fearless,Technology, Software,6.0,3.0,,
Hudl,Technology, Software,6.0,,,
Integrity Software,Technology, Software,6.0,46.0,,
LevaData,Technology, Software,6.0,6.0,,
Netskope,Technology, Software,6.0,,,
Nextech,Technology, Software,6.0,6.0,,
Pear Therapeutics,Technology, Software,6.0,4.0,,
Qualtrics,Technology, Software,6.0,12.0,,
Screencastify,Technology, Software,6.0,12.0,,
Siemens Digital Industries Software,Technology, Software,6.0,11.0,,
Xactly Corporation,Technology, Software,6.0,6.0,,
Xero,Technology, Software,6.0,,,
Dassault Systemes,Technology, Software,7.0,3.0,,
Paylocity,Technology, Software,7.0,5.0,,
Equinix,Technology, B2B Tech Services,8.0,4.0,8.0,
Jack Henry,Technology, Financial Services,8.0,7.0,2.0,
Intel Corporation,Technology, Manufacturing,8.0,12.0,7.5,
Western Digital,Technology, Manufacturing,8.0,,12.0,
Waters Corporation,Technology, Research,8.0,4.0,1.0,
Atos,Technology, B2B Tech Services,8.0,,,
Teradata,Technology, B2B Tech Services,8.0,8.0,,
Offerup,Technology, Consumer Internet,8.0,8.0,,
Analog Devices,Technology, Manufacturing,8.0,3.0,,
Alarm.com,Technology, Security,8.0,,,
Brivo,Technology, Security,8.0,,,
CareValidate,Technology, Software,8.0,,,
Ellevation Education,Technology, Software,8.0,,,
Engrain,Technology, Software,8.0,,,
Flexera Software,Technology, Software,8.0,8.0,,
Freshworks,Technology, Software,8.0,2.0,,
Lionbridge,Technology, Software,8.0,4.0,,
Lithero,Technology, Software,8.0,4.0,,
Pexip,Technology, Software,8.0,4.0,,
SAS,Technology, Software,8.0,4.0,,
"Wrike, Inc.",Technology, Software,8.0,8.0,,
CDK Global,Technology, B2B Tech Services,9.0,25.5,,
CrowdStrike,Technology, Security,9.0,11.0,,
Frontline Education,Technology, Software,9.0,3.0,,
Electronic Arts,Technology, Gaming,11.0,12.0,11.0,12
Angie's List,Technology, Consumer Internet,11.0,6.0,6.0,
"Zendesk, Inc",Technology, Software,11.0,2.0,1.5,
Akamai,Technology, B2B Tech Services,11.0,6.0,,
Knowable,Technology, B2B Tech Services,11.0,2.0,,
Fairygodboss Inc.,Technology, Consumer Internet,12.0,,21.0,3
Ginkgo Bioworks,Technology, Research,12.0,,2.0,
Avalara,Technology, Software,12.0,15.0,12.0,12
Athenahealth,Technology, B2B Tech Services,12.0,,6.0,
Cerner Corporation,Technology, B2B Tech Services,12.0,,4.0,
Amazon,Technology, Consumer Internet,12.0,,6.0,
eBay,Technology, Consumer Internet,12.0,,12.0,
Zwift,Technology, Gaming,12.0,6.0,12.0,
Dell Technologies,Technology, Manufacturing,12.0,,12.0,
IBM,Technology, Manufacturing,12.0,,12.0,
Forcepoint,Technology, Security,12.0,3.0,6.0,
Mindbody,Technology, Software,12.0,2.0,,18
Pegasystems Inc.,Technology, Software,12.0,6.0,4.0,
UKG,Technology, Software,12.0,,4.0,
Workiva,Technology, Software,12.0,8.0,12.0,
Amazon Web Services,Technology, B2B Tech Services,12.0,5.5,,
Impinj,Technology, B2B Tech Services,12.0,,,
Unisys,Technology, B2B Tech Services,12.0,,,
AOL,Technology, Consumer Internet,12.0,12.0,,
BentoBox,Technology, Consumer Internet,12.0,,,
BlaBlaCar,Technology, Consumer Internet,12.0,,,
Comoto Holdings,Technology, Consumer Internet,12.0,26.0,,
Freewheel,Technology, Consumer Internet,12.0,4.0,,
Genius,Technology, Consumer Internet,12.0,4.0,,
Grubhub,Technology, Consumer Internet,12.0,,,
LaunchGood,Technology, Consumer Internet,12.0,12.0,,
Lyft,Technology, Consumer Internet,12.0,18.0,,
MindSumo,Technology, Consumer Internet,12.0,,,
Nerdwallet,Technology, Consumer Internet,12.0,,,
"Noom, inc.",Technology, Consumer Internet,12.0,6.0,,
Peapod Digital Labs,Technology, Consumer Internet,12.0,6.0,,
Zumper,Technology, Consumer Internet,12.0,,,
Kabbage,Technology, Financial Services,12.0,,,
Amazon Games,Technology, Gaming,12.0,12.0,,
Advantest,Technology, Manufacturing,12.0,,,
Cadence Design Systems,Technology, Manufacturing,12.0,4.0,,
Cirrus Logic,Technology, Manufacturing,12.0,,,
Itron,Technology, Manufacturing,12.0,4.0,,
KLA-Tencor Corporation,Technology, Manufacturing,12.0,6.0,,
Texas Instruments,Technology, Manufacturing,12.0,,4.0,
Ingenico Group,Technology, Payments,12.0,4.0,,
MineralTree,Technology, Payments,12.0,,,
Pangea Money Transfer,Technology, Payments,12.0,,,
Plastiq,Technology, Payments,12.0,6.0,,
Ramp,Technology, Payments,12.0,,,
Entrust,Technology, Security,12.0,2.0,,
Trustwave Holdings,Technology, Security,12.0,12.0,,
Alkami Technology,Technology, Software,12.0,,,
Alteryx,Technology, Software,12.0,,,
Amplitude,Technology, Software,12.0,,12.0,
Aquicore,Technology, Software,12.0,,,
ArisGlobal,Technology, Software,12.0,4.0,,
Automox,Technology, Software,12.0,,,
Axon,Technology, Software,12.0,,,
BigCommerce,Technology, Software,12.0,,,
Blackbaud,Technology, Software,12.0,,,
Bullhorn,Technology, Software,12.0,,,
CentralSquare Technologies,Technology, Software,12.0,,,
Cludo,Technology, Software,12.0,,,
ConsenSys,Technology, Software,12.0,12.0,,
Convoy,Technology, Software,12.0,16.0,,
DISCO,Technology, Software,12.0,,,
Doximity,Technology, Software,12.0,,,
Fusion Risk Management,Technology, Software,12.0,,,
GoodCore Software,Technology, Software,12.0,,,
Higher Logic,Technology, Software,12.0,,,
InsightSquared,Technology, Software,12.0,,,
"Intuit, Inc",Technology, Software,12.0,8.0,,
Khoros,Technology, Software,12.0,3.0,,
MaritzCX,Technology, Software,12.0,,,
Medallia,Technology, Software,12.0,2.0,,
Microsoft,Technology, Software,12.0,3.0,,
MobileIron,Technology, Software,12.0,16.0,,
New Relic,Technology, Software,12.0,6.0,,
OfferFit,Technology, Software,12.0,8.0,,
"Panopto, Inc.",Technology, Software,12.0,4.0,,
Persistent Systems,Technology, Software,12.0,,,
PhotoShelter,Technology, Software,12.0,,,
Sage,Technology, Software,12.0,,,
SAP,Technology, Software,12.0,3.0,,
ServiceTitan,Technology, Software,12.0,11.0,,
Storable,Technology, Software,12.0,,,
Tableau Software,Technology, Software,12.0,,,
Triton Digital,Technology, Software,12.0,,,
Veeva Systems,Technology, Software,12.0,12.0,,
WGU Labs,Technology, Software,12.0,12.0,,
Workday,Technology, Software,12.0,,,
Xandr,Technology, Software,12.0,,,
Fujifilm Global,Technology, Manufacturing,12.0,,,
PlayStation,Technology, Manufacturing,12.0,,,
Cisco,Technology, Manufacturing,13.0,2.0,,
VISA,Technology, Payments,13.0,8.0,1.0,
NexJ Systems Inc.,Technology, Software,13.0,52.0,13.0,
Funding Circle,Technology, Financial Services,13.0,,2.0,
Currencycloud,Technology, Payments,13.0,,,
PayPal,Technology, Payments,13.0,3.0,,
AppDynamics,Technology, Software,13.0,,,
SiriusXM & Pandora,Technology, Consumer Internet,14.0,,14.0,2
Cornerstone OnDemand,Technology, Software,14.0,,6.0,12
Birchbox,Technology, Consumer Internet,14.0,,12.0,
Apple,Technology, Manufacturing,14.0,6.0,4.0,
Bepress,Technology, B2B Tech Services,14.0,26.0,,
Groupon,Technology, Consumer Internet,14.0,,,
Justworks,Technology, Consumer Internet,14.0,2.0,,
Match Group,Technology, Consumer Internet,14.0,,,
Yelp,Technology, Consumer Internet,14.0,,,
HP Inc.,Technology, Manufacturing,14.0,6.0,,
Molecular Devices,Technology, Manufacturing,14.0,4.0,,
Snap Inc.,Technology, Manufacturing,14.0,8.0,,
Ceridian,Technology, Software,14.0,1.0,,
"iCIMS, Inc.",Technology, Software,14.0,3.0,,
Intellimize,Technology, Software,14.0,,,
Patron Technology,Technology, Software,14.0,8.0,,
Rosetta Stone,Technology, Software,14.0,,,
TIBCO Software,Technology, Software,14.0,1.0,,
Zapier,Technology, Software,14.0,,,
ChowNow,Technology, Consumer Internet,15.0,,,
YouTube,Technology, Consumer Internet,15.0,2.0,,
Safety Labs Inc,Technology, Software,15.0,,,
Chronosphere,Technology, B2B Tech Services,16.0,8.0,16.0,8
Stack Overflow,Technology, Consumer Internet,16.0,,16.0,8
Medidata Solutions,Technology, Software,16.0,24.0,16.0,24
Elastic,Technology, B2B Tech Services,16.0,,16.0,
Indeed,Technology, Consumer Internet,16.0,,16.0,
Tanium,Technology, Security,16.0,,8.0,
Appian,Technology, Software,16.0,,12.0,
FactSet,Technology, Software,16.0,,4.0,
Klaviyo,Technology, Software,16.0,,16.0,
"Datto, Inc.",Technology, B2B Tech Services,16.0,,,
MEDITECH,Technology, B2B Tech Services,16.0,,,
Twilio,Technology, B2B Tech Services,16.0,2.0,,
Wipro,Technology, B2B Tech Services,16.0,8.0,,
Carsales,Technology, Consumer Internet,16.0,,2.0,
Match,Technology, Consumer Internet,16.0,,,
Postmates,Technology, Consumer Internet,16.0,,16.0,
Reddit,Technology, Consumer Internet,16.0,,16.0,
Roblox,Technology, Gaming,16.0,0.5,,
Ericsson,Technology, Manufacturing,16.0,,,
Juniper Networks,Technology, Manufacturing,16.0,46.0,,
Roku,Technology, Manufacturing,16.0,8.0,,
Seagate Technology,Technology, Manufacturing,16.0,,,
Gusto,Technology, Payments,16.0,1.0,,
Square,Technology, Payments,16.0,,,
GlossGenius,Technology, Software,16.0,,,
Gong,Technology, Software,16.0,,,
"HubSpot, Inc.",Technology, Software,16.0,8.0,,
Infor,Technology, Software,16.0,,,
Informatica,Technology, Software,16.0,,,
Maestro,Technology, Software,16.0,,,
Motus LLC,Technology, Software,16.0,,,
NetSuite Inc.,Technology, Software,16.0,47.0,,
Procore Technologies,Technology, Software,16.0,,,
SmartBear Software,Technology, Software,16.0,,,
Splunk,Technology, Software,16.0,,,
Talkdesk,Technology, Software,16.0,,8.0,
Vistaprint,Technology, Consumer Internet,16.0,,,
Adobe Systems,Technology, Software,17.0,15.0,16.0,
NCR Corporation,Technology, B2B Tech Services,17.0,2.0,,
GoDaddy,Technology, Consumer Internet,17.0,9.0,,
MicroStrategy,Technology, Software,17.0,6.0,,
Nutanix,Technology, Software,17.0,,,
Box,Technology, Consumer Internet,18.0,1.0,12.0,
Tinder,Technology, Consumer Internet,18.0,,18.0,
Uber,Technology, Consumer Internet,18.0,,18.0,
Braze,Technology,Technology,18.0,2.0,,
Rally Health,Technology, Consumer Internet,18.0,,,
Spring Health,Technology, Consumer Internet,18.0,,,
Magic Leap,Technology, Research,18.0,,,
RSA,Technology, Security,18.0,,,
Canva,Technology, Software,18.0,23.0,,
Citrix,Technology, Software,18.0,6.0,,
Digit,Technology, Software,18.0,,,
VMware,Technology, Software,18.0,,,
Dropbox,Technology, Consumer Internet,24.0,,24.0,24
Tata Consultancy Services,Technology, B2B Tech Services,24.0,,1.0,4
Google,Technology, Consumer Internet,24.0,,18.0,
Spotify,Technology, Consumer Internet,24.0,2.5,,
Aruba Networks,Technology, Manufacturing,24.0,2.0,,
Lenovo,Technology, Manufacturing,24.0,,,
Expeed Software,Technology, Software,24.0,,,
Hewlett Packard Enterprise,Technology, B2B Tech Services,26.0,6.0,26.0,
Zynga,Technology, Gaming,26.0,,18.0,
Qualitest Group,Technology, Software,26.0,,,
Salesforce,Technology, Software,26.0,,26.0,
Chartbeat,Technology, B2B Tech Services,26.0,26.0,,
Luxoft,Technology, B2B Tech Services,26.0,12.0,,
Shopify,Technology, Consumer Internet,26.0,26.0,,
Taboola,Technology, Software,26.0,,,
Cloudworkers,Technology, Consumer Internet,52.0,,,
Netflix,Technology, Consumer Internet,52.0,,,
Bitdefender,Technology, Software,52.0,52.0,,
Dynatrace,Technology, Software,52.0,52.0,,
JHC Systems,Technology, Software,52.0,,,
Rangle.io,Technology, Software,52.0,,,
WorkJam,Technology, Software,52.0,,,
MediaMath,Technology, B2B Tech Services,1.0,,,
CampusLogic,Technology, Consumer Internet,1.0,,,
Divercity,Technology, Consumer Internet,1.0,1.0,,
DoorDash,Technology, Consumer Internet,1.0,,,
Indiegogo,Technology, Consumer Internet,1.0,1.0,,
WorkMarket,Technology, Consumer Internet,1.0,4.0,,
Enova,Technology, Financial Services,1.0,,,
Infineon Technologies,Technology, Manufacturing,1.0,,1.0,
Coalfire,Technology, Security,1.0,6.0,,
Detechtion Technologies,Technology, Software,1.0,4.0,,
DxMinds Technologies Inc,Technology, Software,1.0,1.0,,
Kajabi,Technology, Software,1.0,12.0,,
Mapbox,Technology, Software,1.0,2.0,,
Hootsuite,Advertising,Advertising,36.0,36.0,,
Ogilvy,Advertising,Advertising,48.0,4.0,,
Saatchi & Saatchi,Advertising,Advertising,4.5,14.0,,
Hirshorn Zuckerman Design Group,Advertising,Advertising,2.0,12.0,,
Omnicom Media Group,Advertising,Advertising,2.0,1.0,,
UNiDAYS,Advertising,Advertising,2.0,,,
KBS,Advertising,Advertising,2.0,,,
BBDO,Advertising,Advertising,3.0,12.0,,
Radancy,Advertising,Advertising,3.0,9.0,,
Zenith Media,Advertising,Advertising,3.0,9.0,,
Affinion Group,Advertising,Advertising,4.0,4.0,,
Code And Theory,Advertising,Advertising,4.0,,,
National Cinemedia,Advertising,Advertising,4.0,8.0,,
SmartBug Media,Advertising,Advertising,4.0,2.0,,
Stage Marketing,Advertising,Advertising,4.0,8.0,,
AMG Research,Advertising, Market Research,4.0,12.0,,
Epsilon,Advertising,Advertising,6.0,6.0,6.0,6
Acceleration Partners,Advertising,Advertising,6.0,6.0,,
AdTheorent,Advertising,Advertising,6.0,,,
DIGO,Advertising,Advertising,6.0,9.0,,
Monigle,Advertising,Advertising,6.0,6.0,,
ReachLocal,Advertising,Advertising,6.0,,,
SapientRazorfish,Advertising,Advertising,6.0,4.0,,
Tag Worldwide,Advertising,Advertising,6.0,6.0,,
VaynerMedia,Advertising,Advertising,7.0,12.0,,
Create NYC,Advertising,Advertising,8.0,,,
Launch Potato,Advertising,Advertising,8.0,8.0,,
Wavemaker,Advertising,Advertising,9.0,2.0,,
Hawkeye Agency,Advertising,Advertising,11.0,1.0,,
Ampersand,Advertising,Advertising,12.0,,,
Ansira,Advertising,Advertising,12.0,,,
Constant Contact,Advertising,Advertising,12.0,,,
Conversant Media,Advertising,Advertising,12.0,4.0,,
Goodway Group,Advertising,Advertising,12.0,,,
Hill Holliday,Advertising,Advertising,12.0,,,
Huge Inc,Advertising,Advertising,12.0,24.0,,
MediaCom,Advertising,Advertising,12.0,,,
News America Marketing,Advertising,Advertising,12.0,12.0,,
PGR Media,Advertising,Advertising,12.0,,,
R/GA,Advertising,Advertising,12.0,,,
Radius Intelligence,Advertising,Advertising,12.0,,,
The Richards Group,Advertising,Advertising,12.0,,,
eMarketer,Advertising, Market Research,12.0,,,
Hanover Research,Advertising, Market Research,12.0,6.0,,
Pico,Advertising,Advertising,13.0,,,
Spectrum Science,Advertising,Advertising,13.0,13.0,,
LiveRamp,Advertising,Advertising,16.0,6.0,16.0,
Wunderman DC,Advertising,Advertising,24.0,,,
Cares Pro LLC,Advertising,Advertising,1.0,1.0,,
Essence Digital,Advertising,Advertising,1.0,,,
Media Directions Advertising,Advertising,Advertising,1.0,1.0,,
Daggerwing Group Inc.,Advertising,Advertising,1.0,,,
Wilson Dow Group,Advertising,Advertising,1.0,,,
Belden,Electronics, Manufacturing,,12.0,,12
Samsung Electronics,Electronics, Manufacturing,2.0,12.0,2.0,
Armada Technologies,Electronics, Manufacturing,2.0,1.0,,
Motorola Solutions,Electronics, Manufacturing,6.0,7.5,,6
Sanmina,Electronics, Manufacturing,6.0,6.0,,
Keysight Technologies,Electronics, Manufacturing,8.0,52.0,,
Maxim Integrated Products,Electronics, Manufacturing,8.0,12.0,,
Philips,Electronics, Manufacturing,8.0,4.0,,
Trane Technologies,Electronics, Manufacturing,11.0,,,
Bose,Electronics, Manufacturing,12.0,12.0,,
Harman International Industries,Electronics, Manufacturing,12.0,,,
Legrand,Electronics, Manufacturing,12.0,2.0,,
Radar,Electronics, Manufacturing,12.0,,,
iRobot,Electronics, Manufacturing,15.0,,,
Reprise,Engineering,Engineering,12.0,,,
Red Robin,Hospitality, Restaurants,,12.0,,
Rosewood Hotels & Resorts,Hospitality, Hotels,2.0,,,
Vail Resorts,Hospitality, Resorts,4.0,2.0,,
Momofuku,Hospitality, Restaurants,4.0,8.0,,
Whataburger,Hospitality, Restaurants,4.0,,,
Intercontinental Hotels Group,Hospitality, Hotels,5.0,,,
Starbucks,Hospitality, Restaurants,6.0,9.0,6.0,
Chick-fil-A,Hospitality, Restaurants,6.0,,2.0,
Gate Gourmet,Hospitality, Restaurants,6.0,12.0,,
La Colombe Torrefaction,Hospitality, Restaurants,6.0,3.0,,
Texas Roadhouse,Hospitality, Restaurants,6.0,11.0,,
Waffle House,Hospitality, Restaurants,6.0,,,
Marriott International,Hospitality, Hotels,8.0,8.0,8.0,
Hyatt,Hospitality, Hotels,8.0,,,
Disneyland,Hospitality, Resorts,8.0,,,
Great Wolf Resorts,Hospitality, Resorts,8.0,,,
Hilton Grand Vacations,Hospitality, Resorts,8.0,8.0,,
Choice Hotels,Hospitality, Hotels,12.0,,4.0,
McDonald's,Hospitality, Restaurants,12.0,12.0,,29
Spectra,Hospitality,Hospitality,12.0,12.0,,
Hilton,Hospitality, Hotels,12.0,6.0,,
Taj Hotels,Hospitality, Hotels,12.0,26.0,,
Blue Apron,Hospitality, Meal Kit Delivery,12.0,,,
Chipotle Mexican Grill,Hospitality, Restaurants,12.0,,,
Restaurant Brands International,Hospitality, Restaurants,16.0,,,
Gordon Food Service,Hospitality, Foodservice Distributors,1.0,,,
Realtor.com,Real Estate, Other,2.0,,4.0,
Wyse Home Team Realty,Real Estate, Brokers,4.0,52.0,,
Jones Lang LaSalle,Real Estate, Development & Management,4.0,12.0,,
Uniti,Real Estate, Investment Trust,4.0,2.0,,
Blanton Turner,Real Estate, Management,4.0,12.0,,
Invitation Homes,Real Estate,Real Estate,6.0,6.0,6.0,3
NavigatorCRE,Real Estate,Real Estate,6.0,,,
CBRE,Real Estate, Development & Management,6.0,1.0,,
Transwestern,Real Estate, Development & Management,7.0,,,
HILLS Properties,Real Estate, Development & Management,8.0,4.0,,
PGIM Real Estate,Real Estate, Investment Trust,8.0,4.0,,
Cushman & Wakefield,Real Estate, Development & Management,9.0,,6.0,6
Square Yards,Real Estate, Brokers,12.0,13.0,,
Ryan Companies,Real Estate, Development & Management,12.0,6.0,,
The Howard Hughes Corporation,Real Estate, Development & Management,12.0,,,
David Weekley Homes,Real Estate, Home Building,12.0,24.0,,
Keller Williams Realty,Real Estate, Brokers,13.0,,,
Bidwells LLP,Real Estate, Other,14.0,38.0,2.0,
Redfin,Real Estate, Brokers,16.0,4.0,,
Siemens Industry Automation and Drive Technologies,Conglomerate,Conglomerate,9.5,,,
Growmark,Conglomerate,Conglomerate,2.0,12.0,,
Textron Inc.,Conglomerate,Conglomerate,2.0,,,
Vectrus,Conglomerate,Conglomerate,4.0,,,
Siemens,Conglomerate,Conglomerate,6.0,0.5,2.0,
Koch Industries,Conglomerate,Conglomerate,6.0,6.0,,
"Ecolab, Inc.",Conglomerate,Conglomerate,9.0,,6.0,
General Electric,Conglomerate,Conglomerate,12.0,,,
Newell Brands,Conglomerate,Conglomerate,12.0,3.0,,
"Reliance Industries, Ltd",Conglomerate,Conglomerate,52.0,24.0,,
Open Society Foundations,Philanthropy,Philanthropy,25.0,13.0,,
W. K. Kellogg Foundation,Philanthropy,Philanthropy,32.0,,,
Harold Grinspoon Foundation,Philanthropy,Philanthropy,13.0,12.0,,
Chan Zuckerberg Initiative,Philanthropy,Philanthropy,16.0,4.0,,
Bill and Melinda Gates Foundation,Philanthropy,Philanthropy,26.0,11.0,26.0,
HBR Consulting,Legal Services,Legal Services,4.0,3.0,,
Bayer AG,Pharmaceutical,Pharmaceutical,4.0,12.0,,
Bayer HealthCare Pharmaceuticals,Pharmaceutical,Pharmaceutical,4.0,1.0,,
McKesson,Pharmaceutical,Pharmaceutical,6.0,,6.0,
AstraZeneca,Pharmaceutical,Pharmaceutical,6.0,52.0,,
Envigo,Pharmaceutical,Pharmaceutical,6.0,,,
Reata Pharmaceuticals,Pharmaceutical,Pharmaceutical,6.0,6.0,,
Abbott Nutrition,Pharmaceutical,Pharmaceutical,8.0,16.0,2.0,
Agios Pharmaceuticals,Pharmaceutical,Pharmaceutical,8.0,,,
Ferring Pharmaceuticals,Pharmaceutical,Pharmaceutical,8.0,8.0,,
Otsuka Pharmaceutical,Pharmaceutical,Pharmaceutical,8.0,,,
AmerisourceBergen,Pharmaceutical,Pharmaceutical,8.0,,,
"Merck & Co., Inc.",Pharmaceutical,Pharmaceutical,9.0,8.0,,
AbbVie Inc.,Pharmaceutical,Pharmaceutical,12.0,12.0,,
Kite Pharma,Pharmaceutical,Pharmaceutical,12.0,,,
Oceanic Pharmachem Pvt. Ltd.,Pharmaceutical,Pharmaceutical,12.0,14.0,,
Pfizer,Pharmaceutical,Pharmaceutical,12.0,12.0,,
Recursion Pharmaceuticals,Pharmaceutical,Pharmaceutical,12.0,,,
Novartis,Pharmaceutical,Pharmaceutical,13.0,6.0,,
GlaxoSmithKline,Pharmaceutical,Pharmaceutical,14.0,,8.0,
Syneos Health,Pharmaceutical,Pharmaceutical,14.0,38.0,,
Bristol Myers Squibb,Pharmaceutical,Pharmaceutical,15.0,,8.0,16
Vertex Pharmaceuticals,Pharmaceutical,Pharmaceutical,16.0,,8.0,
Nike,Sporting Goods,Sporting Goods,12.0,12.0,,
Trek Bikes,Sporting Goods,Sporting Goods,12.0,,,
Redwood Logistics,Transportation, Freight & Logistics,4.5,1.0,,
American Airlines,Transportation, Passenger Air,1.5,6.0,,
Schneider National,Transportation, Freight & Logistics,,,,
FedEx,Transportation, Couriers & Delivery,2.0,28.0,2.0,
C.H. Robinson,Transportation, Freight & Logistics,2.0,6.0,2.0,
Fedex Supply Chain,Transportation, Freight & Logistics,2.0,,,
UPS,Transportation, Couriers & Delivery,3.0,8.0,,
Echo Global Logistics,Transportation, Freight & Logistics,4.0,4.0,,
UniGroup,Transportation, Freight & Logistics,4.0,,,
Transplace,Transportation, Freight & Logistics,5.0,6.0,,
Dematic,Transportation, Freight & Logistics,6.0,6.0,,
United Airlines,Transportation, Passenger Air,6.0,,,
Amtrak,Transportation, Rail,6.0,,,
Kansas City Southern,Transportation, Rail,6.0,6.0,,
"Avis Budget Group, Inc.",Transportation, Rental,6.0,6.0,,
Southwest Airlines,Transportation, Passenger Air,12.0,12.0,,
BNSF Logistics,Transportation, Rail,12.0,,,
Enterprise Holdings,Transportation, Rental,12.0,12.0,,
"Hertz Global Holdings, Inc.",Transportation, Rental,12.0,,,
Instacart,Transportation, Couriers & Delivery,16.0,4.0,12.0,
Virgin Hyperloop One,Transportation, Rail,16.0,2.0,16.0,
CSX Corporation,Transportation, Freight & Logistics,16.0,52.0,,
FlixBus,Transportation, Bus,52.0,,,
Raytheon Technologies,Defense & Space,Defense & Space,7.5,3.0,3.0,
BAE Systems,Defense & Space,Defense & Space,2.0,12.0,,
Textron Systems,Defense & Space,Defense & Space,2.0,,,
Northrop Grumman,Defense & Space,Defense & Space,3.0,12.0,2.0,12
L3Harris,Defense & Space,Defense & Space,5.0,3.0,,
Sierra Nevada Corperation,Defense & Space,Defense & Space,5.0,8.0,,
Anduril Industries,Defense & Space,Defense & Space,16.0,,16.0,
BCW,Public Relations,Public Relations,4.0,,,
Virgo Health,Public Relations,Public Relations,4.0,2.0,,
Curley & Pynn,Public Relations,Public Relations,6.0,,,
Golin,Public Relations,Public Relations,8.0,27.0,,
Edelman,Public Relations,Public Relations,12.0,,,
MWWPR,Public Relations,Public Relations,12.0,,12.0,
ADP India,Business Services, Human Resources,25.0,25.0,,
ADP Philippines,Business Services, Human Resources,6.5,,,
ADP UK,Business Services, Human Resources,36.0,12.0,,
Ticketmaster,Business Services, Other,23.0,12.0,,
UL LLC,Business Services, Other,13.5,15.5,,
Randstad Sourceright,Business Services, Staffing & Outsourcing,39.0,13.0,,
Broadridge Financial Solutions Group,Business Services, Technology Solutions,1.5,18.0,,
247 Private Security,Business Services, Security,,,,
24-7 Intouch,Business Services, Staffing & Outsourcing,,,,
Compass Group PLC,Business Services, Food & Hospitality,,,,
S.i. Systems,Business Services, Staffing & Outsourcing,,,,
Aramark,Business Services, Food & Hospitality,2.0,1.0,,
SmithBucklin,Business Services, Other,2.0,1.0,,
Concurrent HRO,Business Services, Staffing & Outsourcing,2.0,2.0,,
Manpower,Business Services, Staffing & Outsourcing,2.0,,,
Norwin Technologies,Business Services, Staffing & Outsourcing,2.0,,,
Hays PLC,Business Services, Staffing & Outsourcing,2.0,,,
Rochester Telemessaging Center,Business Services, Staffing & Outsourcing,3.0,12.0,,
ACA Compliance Group,Business Services, Other,4.0,8.0,,
Hays,Business Services, Staffing & Outsourcing,4.0,8.0,,
nFuzion,Business Services, Staffing & Outsourcing,4.0,,,
Clever Devices,Business Services, Technology Solutions,4.0,4.0,,
Randstad USA,Business Services, Staffing & Outsourcing,5.0,7.0,,
Allied Universal,Business Services, Security,5.0,21.0,,
Cyberbacker PH,Business Services, Staffing & Outsourcing,5.0,2.0,,
Maxim Healthcare Services,Business Services, Staffing & Outsourcing,5.0,,,
Paya,Business Services, Technology Solutions,5.0,7.0,,
ADP,Business Services, Human Resources,6.0,6.0,16.0,
Samsung Research America,Business Services, Other,6.0,,6.0,
CoStar Group,Business Services, Other,6.0,6.0,,
LexisNexis Risk Solutions Group,Business Services, Other,6.0,6.0,,
MIC Global Services,Business Services, Other,6.0,12.0,,
Vivint,Business Services, Security,6.0,6.0,,
Beetroot,Business Services, Staffing & Outsourcing,6.0,52.0,,
MarketStar,Business Services, Staffing & Outsourcing,6.0,6.0,,
Robert Half,Business Services, Staffing & Outsourcing,6.0,4.0,,
TaskUs,Business Services, Staffing & Outsourcing,6.0,,,
"Aerotek, Inc.",Business Services, Staffing & Outsourcing,7.0,1.0,,
CGI,Business Services, Technology Solutions,8.0,,2.0,
Deluxe Corporation,Business Services, Other,8.0,,,
United States Chamber of Commerce,Business Services, Other,8.0,12.0,,
Alight Solutions,Business Services, Technology Solutions,8.0,2.0,,
Pitney Bowes,Business Services, Technology Solutions,8.0,,,
Paychex,Business Services, Technology Solutions,9.0,3.0,6.0,
"BDO USA, LLP",Business Services, Other,9.0,3.0,,
Recruitics,Business Services, Staffing & Outsourcing,9.0,4.0,,
Adecco Group North America,Business Services, Staffing & Outsourcing,12.0,6.0,,
Cintas Corporation,Business Services, Food & Hospitality,12.0,12.0,,
Cardlytics,Business Services, Other,12.0,,,
EveryDay Labs,Business Services, Other,12.0,,,
LGC Standards,Business Services, Other,12.0,,,
Moody's Analytics,Business Services, Other,12.0,,,
Nuclear Energy Institute,Business Services, Other,12.0,,,
The Larkin Company,Business Services, Other,12.0,12.0,,
Caastle,Business Services, Staffing & Outsourcing,12.0,4.0,,
Daversa Partners,Business Services, Staffing & Outsourcing,12.0,,,
Populus Group,Business Services, Staffing & Outsourcing,12.0,12.0,,
Search Solution Group,Business Services, Staffing & Outsourcing,12.0,6.0,,
Bazaarvoice,Business Services, Technology Solutions,12.0,,,
CareDox,Business Services, Technology Solutions,12.0,1.0,,
Thoughtworks,Business Services, Technology Solutions,12.0,,,
TodayTix,Business Services, Technology Solutions,12.0,,,
Brabo Payroll,Business Services, Other,13.0,13.0,,
Guild Education,Business Services, Other,14.0,,8.0,4
WeWork,Business Services, Other,14.0,2.0,16.0,4
Sprinklr,Business Services, Technology Solutions,14.0,,,
Flexport,Business Services, Other,16.0,,,
Galois,Business Services, Technology Solutions,16.0,12.0,,
Taulia Inc.,Business Services, Technology Solutions,16.0,8.0,,
IHS Markit Ltd.,Business Services, Other,26.0,13.0,2.0,
ADP Canada Inc,Business Services, Human Resources,26.0,4.0,,
Cians Analytics,Business Services, Other,26.0,26.0,,
WilsonHCG,Business Services, Staffing & Outsourcing,26.0,26.0,,
"LOTH, Inc.",Business Services, Other,1.0,,,
Kforce,Business Services, Staffing & Outsourcing,1.0,,,
Marketsource,Business Services, Staffing & Outsourcing,1.0,11.0,,
Allied Telecom Group,Business Services, Technology Solutions,1.0,,,
Miro,Computer Software,Computer Software,12.0,,6.0,
Ineos,Natural Resources, Chemicals,6.5,9.0,,
Tate & Lyle,Natural Resources, Agriculture and Food Processing,2.5,13.0,,
Williams,Natural Resources, Electric & Gas Utility,1.5,,,
Bunge North America,Natural Resources, Agriculture and Food Processing,,6.0,,
CHS Inc.,Natural Resources, Agrochemical,,16.0,,
LyondellBasell,Natural Resources, Chemicals,,12.0,,
American Water,Natural Resources, Renewables & Environment,2.0,,,12
CLEAResult,Natural Resources, Diversified Energy,2.0,1.0,,
"National Oilwell Varco, Inc.",Natural Resources, Oilfield Services,2.0,,,
NextEra Energy,Natural Resources, Electric Power Generation,3.0,9.0,,
Barrick Gold Corporation,Natural Resources, Metals & Mining,3.0,,,
"Air Products & Chemicals, Inc.",Natural Resources, Chemicals,4.0,8.0,,
Eastman Chemical Company,Natural Resources, Chemicals,4.0,6.0,,
PolyOne Corporation,Natural Resources, Chemicals,6.0,12.0,6.0,
Consumers Energy,Natural Resources, Electric & Gas Utility,6.0,,16.0,
Pilgrim's Pride,Natural Resources, Agriculture and Food Processing,6.0,,,
"Ashland, Inc.",Natural Resources, Chemicals,6.0,18.0,,
Syngenta Flowers,Natural Resources, Chemicals,6.0,,,
Entergy Corporation,Natural Resources, Diversified Energy,6.0,,,
"NRG Energy, Inc.",Natural Resources, Diversified Energy,6.0,6.0,,
"Enbridge, Inc.",Natural Resources, Oil & Gas,6.0,12.0,,
"T.D. Williamson, Inc.",Natural Resources, Oil & Gas,6.0,6.0,,
Alpha Natural Resources,Natural Resources, Metals & Mining,6.0,,,
Albemarle Corporation,Natural Resources, Chemicals,7.0,5.0,,
Eversource,Natural Resources, Electric & Gas Utility,8.0,4.0,,
"American Electric Power Company, Inc.",Natural Resources, Electric Power Generation,8.0,,2.0,
Southern California Edison,Natural Resources, Electric Power Generation,8.0,12.0,,
Novelis,Natural Resources, Metals & Mining,8.0,,,
ExxonMobil,Natural Resources, Oil & Gas,8.0,,,
Marathon Petroleum Corporation,Natural Resources, Oil & Gas,8.0,,,
Baker Hughes,Natural Resources, Oilfield Services,8.0,,,
Halliburton,Natural Resources, Oilfield Services,8.0,,,
Phillips 66,Natural Resources, Oil & Gas,9.0,12.0,2.0,
Range Resources,Natural Resources, Oil & Gas,9.0,6.0,2.0,
Schlumberger,Natural Resources, Oilfield Services,11.0,12.0,,
Cargill,Natural Resources, Agriculture and Food Processing,12.0,,4.0,
Dow,Natural Resources, Chemicals,12.0,,,16
Chevron,Natural Resources, Oil & Gas,12.0,26.0,8.0,
AkzoNobel Global,Natural Resources, Chemicals,12.0,12.0,,
Nutrien,Natural Resources, Chemicals,12.0,26.0,,
Sempra Energy,Natural Resources, Electric & Gas Utility,12.0,,,
Pacific Gas and Electric Company,Natural Resources, Electric Power Generation,12.0,26.0,,
ASRC Energy Services,Natural Resources, Oilfield Services,12.0,,,
Duke Energy,Natural Resources, Electric Power Generation,13.0,1.5,,
Air Liquide,Natural Resources, Chemicals,14.0,,6.0,
DuPont,Natural Resources, Chemicals,16.0,12.0,,
Solvay S.A.,Natural Resources, Chemicals,16.0,12.0,,
Exelon Corporation,Natural Resources, Electric Power Generation,16.0,24.0,,
Shell Oil Company,Natural Resources, Oil & Gas,16.0,4.0,,
BP,Natural Resources, Oil & Gas,16.0,,,
BHP Billiton Ltd.,Natural Resources, Metals & Mining,18.0,34.0,2.0,8
BASF,Natural Resources, Chemicals,18.0,,,
"Nalco, An Ecolab Company",Natural Resources, Chemicals,24.0,,,
GE Power,Natural Resources, Electric & Gas Utility,24.0,2.0,,
National Grid plc,Natural Resources, Electric & Gas Utility,26.0,13.0,,
NiSource,Natural Resources, Electric & Gas Utility,26.0,26.0,,
Freeport-McMoRan,Natural Resources, Metals & Mining,26.0,,,
Ingevity Corporation,Natural Resources, Chemicals,1.0,1.0,4.0,
Consolidated Edison Inc.,Natural Resources, Diversified Energy,1.0,16.0,,
T-Mobile,Telecommunications,Telecommunications,7.5,3.0,3.0,4
DISH,Telecommunications,Telecommunications,,12.0,,
Spectrum,Telecommunications,Telecommunications,6.0,6.0,2.0,
Verizon,Telecommunications,Telecommunications,8.0,4.0,8.0,
 Charter Communications,Telecommunications,Telecommunications,8.0,12.0,,
Cox,Telecommunications,Telecommunications,8.0,8.0,,
AT&T,Telecommunications,Telecommunications,9.0,6.0,,
Zoom,Telecommunications,Telecommunications,11.0,6.0,16.0,
Lumen,Telecommunications,Telecommunications,12.0,1.0,6.0,
Asurion,Telecommunications,Telecommunications,12.0,8.0,,
Comcast,Telecommunications,Telecommunications,12.0,4.0,,
Qualcomm Incorporated,Telecommunications,Telecommunications,12.0,12.0,,
"RingCentral, Inc.",Telecommunications,Telecommunications,12.0,4.0,,
Telnyx,Telecommunications,Telecommunications,12.0,8.0,,
G Fiber,Telecommunications,Telecommunications,13.0,2.0,,
Viasat,Telecommunications,Telecommunications,16.0,,9.0,
Hughes Network Systems,Telecommunications,Telecommunications,16.0,,,
Ciena,Telecommunications,Telecommunications,18.0,,,
Viettel Group,Telecommunications,Telecommunications,24.0,52.0,,
Equinox,Wellness & Fitness,Wellness & Fitness,6.0,12.0,,
THE WELL,Wellness & Fitness,Wellness & Fitness,12.0,,,
ClassPass,Wellness & Fitness,Wellness & Fitness,14.0,12.0,4.0,
CBIZ,Accounting Services,Accounting Services,3.5,6.0,1.0,
CliftonLarsonAllen,Accounting Services,Accounting Services,9.5,6.0,6.0,
Grant Thornton,Accounting Services,Accounting Services,51.0,51.0,51.0,
Kearney & Company,Accounting Services,Accounting Services,4.0,,,
BerryDunn,Accounting Services,Accounting Services,6.0,6.0,,
Crowe,Accounting Services,Accounting Services,6.0,,,
Eisneramper,Accounting Services,Accounting Services,8.0,12.0,,
Marcum LLP,Accounting Services,Accounting Services,8.0,8.0,,
Myers & Stauffer LC,Accounting Services,Accounting Services,8.0,52.0,,
Forvis,Accounting Services,Accounting Services,12.0,,2.0,12
RSM US,Accounting Services,Accounting Services,12.0,,7.0,
Fathom,Accounting Services,Accounting Services,12.0,,,
Ryan LLC,Accounting Services,Accounting Services,14.0,6.0,,
Bain & Company,Consulting Services,Consulting Services,2.5,5.0,21.0,5
Stride Consulting,Consulting Services,Consulting Services,3.0,7.0,,
"TCG, Inc",Consulting Services,Consulting Services,3.0,16.0,,
AustinCSI,Consulting Services,Consulting Services,4.0,,,
"Perficient, Inc.",Consulting Services,Consulting Services,4.0,4.0,,
Resource Systems Group,Consulting Services,Consulting Services,4.0,12.0,,
BSR (Business for Social Responsibility),Consulting Services,Consulting Services,5.0,2.0,,
Dexis Consulting Group,Consulting Services,Consulting Services,5.0,,,
Pariveda,Consulting Services,Consulting Services,6.0,,6.0,
Arc Aspicio,Consulting Services,Consulting Services,6.0,13.0,,
Credera,Consulting Services,Consulting Services,6.0,,,
GHD Group Pty Ltd,Consulting Services,Consulting Services,6.0,12.0,,
Navigant Consulting,Consulting Services,Consulting Services,6.0,6.0,,
Novantas Inc.,Consulting Services,Consulting Services,6.0,,,
NTT DATA Services,Consulting Services,Consulting Services,6.0,12.0,,
O.C. Tanner,Consulting Services,Consulting Services,6.0,12.0,,
True Group,Consulting Services,Consulting Services,6.0,12.0,,
Search Discovery,Consulting Services,Consulting Services,7.0,6.0,,
World 5,Consulting Services,Consulting Services,8.0,12.0,1.0,12
Intentional Futures,Consulting Services,Consulting Services,8.0,6.0,,
Macro Consultants LLC,Consulting Services,Consulting Services,8.0,12.0,,
MSA Worldwide,Consulting Services,Consulting Services,8.0,,,
Protiviti,Consulting Services,Consulting Services,9.0,,1.0,
Guidehouse,Consulting Services,Consulting Services,9.0,17.0,,
84.51¡,Consulting Services,Consulting Services,12.0,,4.0,
KPMG,Consulting Services,Consulting Services,12.0,1.0,12.0,
Alvarez & Marsal,Consulting Services,Consulting Services,12.0,,,
Indigo Ag,Consulting Services,Consulting Services,12.0,,,
West Monroe,Consulting Services,Consulting Services,12.0,,,
Slalom,Consulting Services,Consulting Services,14.0,,4.0,
Capgemini,Consulting Services,Consulting Services,14.0,4.0,,
Boston Consulting Group,Consulting Services,Consulting Services,16.0,,8.0,
Deloitte,Consulting Services,Consulting Services,16.0,4.0,9.0,
McKinsey & Company,Consulting Services,Consulting Services,16.0,26.0,8.0,
Accenture,Consulting Services,Consulting Services,16.0,2.0,,
FTI Consulting,Consulting Services,Consulting Services,16.0,12.0,,
Heidrick & Struggles,Consulting Services,Consulting Services,16.0,12.0,,
Mead & Hunt,Consulting Services,Consulting Services,16.0,1.0,,
PwC,Consulting Services,Consulting Services,16.0,4.0,,
ZS,Consulting Services,Consulting Services,16.0,12.0,,
Capco,Consulting Services,Consulting Services,18.0,52.0,,
Oliver Wyman,Consulting Services,Consulting Services,18.0,6.0,,
Jasper Colin Research,Consulting Services,Consulting Services,24.0,18.0,,
Dalberg,Consulting Services,Consulting Services,26.0,26.0,,
OC&C Strategy Consultants,Consulting Services,Consulting Services,26.0,26.0,,
MTX Group Inc,Consulting Services,Consulting Services,52.0,,,
Artemis Connection,Consulting Services,Consulting Services,1.0,29.0,,
GoDigital Media Group,Arts & Entertainment,Arts & Entertainment,,,,
The Walt Disney Company,Arts & Entertainment,Arts & Entertainment,5.0,4.0,4.5,4
LaneOne,Arts & Entertainment,Arts & Entertainment,6.0,,,
Boston Ballet,Arts & Entertainment,Arts & Entertainment,12.0,12.0,,
Creative Artists Agency,Arts & Entertainment,Arts & Entertainment,12.0,,12.0,
Disney Streaming Services,Arts & Entertainment,Arts & Entertainment,12.0,1.0,,
Live Nation,Arts & Entertainment,Arts & Entertainment,24.0,12.0,,
Degreed,Educational Services, E-Learning,32.0,46.0,,
Pearson,Educational Services, Other,8.5,8.0,,
Achievement First,Educational Services, School,42.0,14.0,,
Weill Cornell Medicine,Educational Services, College & Universities,12.5,,,
The University of Vermont,Educational Services, College & Universities,,12.0,,12
Bryant University,Educational Services, College & Universities,,6.0,,
Round Rock ISD,Educational Services, Management,,,,
Dartmouth College,Educational Services, College & Universities,2.0,8.0,,
Johns Hopkins University Applied Physics Laboratory,Educational Services, College & Universities,2.0,26.0,,
36DigiTMG,Educational Services, E-Learning,2.0,4.0,,
Teachstone,Educational Services, Management,2.0,12.0,,
Colorado State University,Educational Services, College & Universities,3.0,9.0,,
Savvas Learning Company,Educational Services, Other,3.0,12.0,,
California State University,Educational Services, College & Universities,4.0,12.0,,
Utah State University,Educational Services, College & Universities,4.0,,,
Virgina Commonwealth University,Educational Services, College & Universities,4.0,4.0,,
Wheaton College,Educational Services, College & Universities,4.0,,,
Santa Fe Public Schools,Educational Services, Management,4.0,36.0,,
Aperian Global,Educational Services, Professional Training,4.0,12.0,,
NYU School of Medicine,Educational Services, College & Universities,5.0,24.0,,
Rice University,Educational Services, College & Universities,6.0,6.0,,
University of Minnesota,Educational Services, College & Universities,6.0,6.0,6.0,
Walden University,Educational Services, College & Universities,6.0,6.0,1.0,
Columbia University,Educational Services, College & Universities,6.0,12.0,,
Columbia University Information Technology,Educational Services, College & Universities,6.0,6.0,,
Duke University,Educational Services, College & Universities,6.0,9.0,,
Ferris State University,Educational Services, College & Universities,6.0,6.0,,
Florida International University,Educational Services, College & Universities,6.0,12.0,,
Indiana University,Educational Services, College & Universities,6.0,12.0,,
IUPUI,Educational Services, College & Universities,6.0,6.0,,
Medical University of South Carolina,Educational Services, College & Universities,6.0,6.0,,
Rutgers University,Educational Services, College & Universities,6.0,12.0,,
The George Washington University,Educational Services, College & Universities,6.0,2.0,,
University of Arizona,Educational Services, College & Universities,6.0,3.0,,
University of Tampa,Educational Services, College & Universities,6.0,6.0,,
Webster University,Educational Services, College & Universities,6.0,6.0,,
Imagine Learning,Educational Services, E-Learning,6.0,,,
Pluralsight,Educational Services, E-Learning,6.0,,,
"ACT, Inc",Educational Services, Other,6.0,,,
KinderCare Learning Companies,Educational Services, Preschool,6.0,,,
Cobb County School District,Educational Services, School,6.0,12.0,,
IDEA Public Schools,Educational Services, School,6.0,6.0,,
Long Trail School,Educational Services, School,6.0,,,
San Francisco Unified School District,Educational Services, School,6.0,,,
Case Western Reserve University,Educational Services, College & Universities,7.0,,,
Bard College,Educational Services, College & Universities,8.0,6.0,,
Georgetown University,Educational Services, College & Universities,8.0,,,
Marquette University,Educational Services, College & Universities,8.0,,,
Northeastern University,Educational Services, College & Universities,8.0,4.0,,
Skillcrush,Educational Services, E-Learning,8.0,8.0,,
NWEA,Educational Services, Management,8.0,52.0,,
The College Board,Educational Services, Management,8.0,8.0,,
The Concord Consortium,Educational Services, Other,8.0,,,
Northwestern University,Educational Services, College & Universities,9.0,6.0,,
Renaissance Learning,Educational Services, E-Learning,9.0,6.0,,
Henderson Collegiate,Educational Services, School,9.0,3.0,,
Cengage Learning,Educational Services, E-Learning,12.0,,12.0,
Capella University,Educational Services, College & Universities,12.0,4.0,,
Dickinson College,Educational Services, College & Universities,12.0,,6.0,
Harvard University,Educational Services, College & Universities,12.0,12.0,,
Lasell College,Educational Services, College & Universities,12.0,,,
New York University,Educational Services, College & Universities,12.0,,,
The Ohio State University,Educational Services, College & Universities,12.0,12.0,,
Tufts University,Educational Services, College & Universities,12.0,4.0,,
University at Buffalo,Educational Services, College & Universities,12.0,12.0,,
University of California Berkeley,Educational Services, College & Universities,12.0,12.0,,
University of Massachusetts Amherst,Educational Services, College & Universities,12.0,24.0,,
University of Michigan,Educational Services, College & Universities,12.0,12.0,,
University of New Hampshire,Educational Services, College & Universities,12.0,,,
University of Notre Dame,Educational Services, College & Universities,12.0,12.0,,
Clever,Educational Services, E-Learning,12.0,,,
Soomo Learning,Educational Services, E-Learning,12.0,,,
Zearn,Educational Services, E-Learning,12.0,4.0,,
CIEE,Educational Services, Management,12.0,12.0,,
Prince William County Public Schools,Educational Services, Management,12.0,12.0,,
Curtis Institute of Music,Educational Services, School,12.0,,12.0,
Humble Independent School District,Educational Services, School,12.0,,,
The Meadowbrook School of Weston,Educational Services, School,12.0,,,
UCLA,Educational Services, College & Universities,13.0,9.0,,
Harvard Business School,Educational Services, College & Universities,16.0,7.0,,
General Assembly,Educational Services, Management,16.0,4.0,,
Creative Education Services,Educational Services, Tutoring,16.0,,,
Imperial College London,Educational Services, College & Universities,18.0,2.0,,
Griffith University,Educational Services, College & Universities,26.0,26.0,,
British Council,Educational Services, Other,26.0,,,
Texas A&M AgriLife Research,Educational Services, Other,26.0,,,
University of British Columbia,Educational Services, College & Universities,52.0,,,
Johns Hopkins University,Educational Services, College & Universities,1.0,12.0,,
Chegg,Educational Services, E-Learning,1.0,12.0,,
Austin Independent School District,Educational Services, School,1.0,,,
LAC-Group,Information Services, Diversified,32.5,,35.0,
Google Cloud,Information Services, Technology,18.5,32.5,,
Infosys,Information Services, Technology,1.5,1.0,,
Wisetech Global,Information Services, Technology,,,,
General Dynamics Information Technology,Information Services, Technology,2.0,19.0,1.0,
Wolters Kluwer,Information Services, Diversified,2.0,6.0,,
NielsenIQ,Information Services, Technology,2.0,,,
Smarsh,Information Services, Technology,2.0,4.0,,
Equian,Information Services, Technology,3.0,3.0,,
Lloyd Group,Information Services, Technology,3.0,,,
NetImpact Strategies,Information Services, Technology,4.0,12.0,,
Niche,Information Services, Technology,4.0,12.0,,
OM1,Information Services, Technology,4.0,,,
OPTIMIZERx Corporation,Information Services, Technology,4.0,8.0,,
Emids,Information Services, Technology,5.0,,,
HealthStream,Information Services, Technology,6.0,12.0,,
RF Code,Information Services, Technology,6.0,6.0,,
Argus Media,Information Services, Diversified,8.0,12.0,1.0,
The Gordian Group,Information Services, Technology,8.0,12.0,,
Macy's Technology,Information Services, Technology,8.0,,,
DXC Technology,Information Services, Technology,9.0,36.0,1.0,
Nielsen Holdings N.V.,Information Services, Diversified,9.0,3.0,,
SpotX,Information Services, Technology,9.0,6.0,,
Fitch Ratings,Information Services, Financial,12.0,,,
Bloomberg BNA,Information Services, Legal,12.0,1.0,,
11data,Information Services, Technology,12.0,8.0,,
Cloudreach,Information Services, Technology,12.0,,,
Dell Boomi,Information Services, Technology,12.0,,12.0,
Gartner,Information Services, Technology,12.0,,,
Hitachi Vantara,Information Services, Technology,12.0,,,
Infolock,Information Services, Technology,12.0,,,
LMT Technology Solutions,Information Services, Technology,12.0,,,
Newfold Digital,Information Services, Technology,12.0,12.0,,
PatientPop,Information Services, Technology,12.0,12.0,,
Publicis Sapient,Information Services, Technology,12.0,4.0,,
Siemens Healthineers,Information Services, Technology,12.0,,,
TriNet,Information Services, Technology,12.0,4.0,,
ZoomInfo,Information Services, Technology,12.0,,,
RELX Group,Information Services, Diversified,13.0,2.0,,
LexisNexis,Information Services, Technology,14.0,,,
Forrester Research,Information Services, Technology,15.0,6.0,2.0,
Dun & Bradstreet,Information Services, Financial,15.0,2.0,,
Experian PLC,Information Services, Financial,15.0,2.5,,
NASDAQ,Information Services, Financial,15.0,,,
WinBizSolutions,Information Services, Diversified,16.0,,,
Avanade,Information Services, Technology,16.0,1.5,,
Dataminr,Information Services, Technology,16.0,,,
J2 Global,Information Services, Technology,16.0,,,
Microsoft Azure,Information Services, Technology,16.0,4.0,,
Remind,Information Services, Technology,16.0,,,
WP Engine,Information Services, Technology,16.0,,,
Yext,Information Services, Technology,16.0,,,
TransUnion,Information Services, Financial,17.0,,,
S&P Global,Information Services, Financial,18.0,,23.0,
VTS,Information Services, Technology,18.0,,,
Ipreo Holdings LLC,Information Services, Financial,24.0,8.0,,
Bloomberg,Information Services, Diversified,26.0,,,
Eras Tech,Information Services, Technology,26.0,,,
LeverX,Information Services, Technology,52.0,,,
"DoubleVerify, Inc.",Information Services, Technology,1.0,8.0,,
Surescripts,Information Services, Technology,1.0,2.0,,
Verisk Analytics,Information Services, Technology,1.0,4.0,,
Reckitt Benckiser,Consumer Packaged Goods, Packaged Products,21.0,31.0,16.0,
Colgate-Palmolive Company,Consumer Packaged Goods, Packaged Products,19.5,6.0,,
Nestle Purina PetCare Company,Consumer Packaged Goods, Packaged Products,8.5,,,
"The Dannon Company, Inc.",Consumer Packaged Goods, Packaged Foods,2.0,,,
Boston Beer Company,Consumer Packaged Goods, Beverages,3.0,1.0,,
 Braum's Ice Cream & Dairy Store,Consumer Packaged Goods, Packaged Foods,3.0,1.0,,
"ConAgra Foods, Inc.",Consumer Packaged Goods, Packaged Foods,6.0,6.0,2.0,6
"Mondelez International, Inc.",Consumer Packaged Goods, Packaged Foods,6.0,9.5,6.0,
PepsiCo,Consumer Packaged Goods, Beverages,6.0,6.0,,
Frito-Lay,Consumer Packaged Goods, Packaged Foods,6.0,6.0,,
Lindt & SprŸngli,Consumer Packaged Goods, Packaged Foods,6.0,6.0,,
R. M. Palmer Company,Consumer Packaged Goods, Packaged Foods,6.0,18.0,,
The Coffee Bean & Tea Leaf,Consumer Packaged Goods, Packaged Foods,6.0,,,
"Altria Group, Inc.",Consumer Packaged Goods, Tobacco,6.0,,,
Munchkin,Consumer Packaged Goods, Toys & Baby Products,6.0,,,
Total Wine & More,Consumer Packaged Goods, Beverages,8.0,,4.0,
Bimbo Bakeries USA,Consumer Packaged Goods, Packaged Foods,8.0,24.0,,
The J.M. Smucker Company,Consumer Packaged Goods, Packaged Foods,8.0,,,
Henkel,Consumer Packaged Goods, Packaged Products,8.0,3.0,,
Ajinomoto,Consumer Packaged Goods, Packaged Foods,9.0,12.0,,
Campari America,Consumer Packaged Goods, Beverages,12.0,,12.0,6
Pernod Ricard,Consumer Packaged Goods, Beverages,12.0,,,
The Coca-Cola Company,Consumer Packaged Goods, Beverages,12.0,,,
Impossible Foods,Consumer Packaged Goods, Packaged Foods,12.0,17.0,,
WellPet LLC,Consumer Packaged Goods, Packaged Foods,12.0,12.0,,
Elanco Animal Health,Consumer Packaged Goods, Packaged Products,12.0,12.0,,
Procter & Gamble,Consumer Packaged Goods, Packaged Products,12.0,2.0,,
Yankee Candle,Consumer Packaged Goods, Packaged Products,12.0,,,
Molson Coors Brewing Company,Consumer Packaged Goods, Beverages,14.0,,,
Nestle Waters,Consumer Packaged Goods, Beverages,14.0,1.0,,
Nestle,Consumer Packaged Goods, Packaged Foods,14.0,26.0,,
Miller Coors,Consumer Packaged Goods, Beverages,16.0,34.0,16.0,
Johnson & Johnson,Consumer Packaged Goods, Packaged Products,16.0,24.0,8.0,
Unilever,Consumer Packaged Goods, Packaged Products,16.0,4.0,8.0,
Reynolds American Inc.,Consumer Packaged Goods, Tobacco,16.0,,16.0,
General Mills,Consumer Packaged Goods, Packaged Foods,18.0,12.0,12.0,
Hasbro Inc.,Consumer Packaged Goods, Toys & Baby Products,18.0,18.0,,13
Anheuser-Busch InBev,Consumer Packaged Goods, Beverages,26.0,,,
Beam Suntory,Consumer Packaged Goods, Beverages,26.0,,,
Taylor Company,Consumer Packaged Goods, Packaged Foods,26.0,,,
Scentsy,Consumer Packaged Goods, Packaged Products,52.0,,,
Ranch Rider Spirits,Consumer Packaged Goods, Beverages,1.0,,,
Campbell Soup Company,Consumer Packaged Goods, Packaged Foods,1.0,,,
The Scotts Miracle-Gro Company,Consumer Packaged Goods, Packaged Products,1.0,,,
Express Scripts Holding,Pharmacies & Drug Stores,Pharmacies & Drug Stores,2.0,6.0,,
Walgreens,Pharmacies & Drug Stores,Pharmacies & Drug Stores,6.0,3.0,8.0,24
OptumRx,Pharmacies & Drug Stores,Pharmacies & Drug Stores,12.0,12.0,,
Cruise Planners,"Leisure, Travel & Tourism","Leisure, Travel & Tourism",3.0,,,
Royal Caribbean International,"Leisure, Travel & Tourism","Leisure, Travel & Tourism",4.0,2.0,,
Expedia Group,"Leisure, Travel & Tourism","Leisure, Travel & Tourism",18.0,4.0,12.0,
VRBO,"Leisure, Travel & Tourism","Leisure, Travel & Tourism",18.0,,,
Sysdig,Computer & Network Security,Computer & Network Security,13.0,,,